electric_power (actual),electric_power,electric_power.lower,electric_power.upper
0.13447830884627446,,,
0.15433692987873604,,,
0.12411521435460272,,,
0.1363932710829432,,,
0.13143348159769141,,,
0.009999999999999787,,,
0.03275886574410025,,,
0.04826209064941223,,,
0.05242640983107805,,,
0.05160734700429615,,,
0.04247860564657735,,,
0.039057005402701066,,,
0.039693126505311316,,,
0.0444858246731874,,,
0.05054276379987899,,,
0.037022324904004034,,,
0.045316333506434166,,,
0.10987367761546453,,,
0.24002680189094686,,,
0.2270206285131096,,,
0.23181882232123074,,,
0.1492883686255957,,,
0.13492782273364368,,,
0.1459610946099481,,,
0.12478471954326276,,,
0.14146784332031848,,,
0.1653163653127412,,,
0.12858026055572358,,,
0.11910314660834187,,,
0.2013786942817717,,,
0.21196941149275966,,,
0.19526663135986988,,,
0.2115452881448552,,,
0.2185938680238784,,,
0.19950257383565084,,,
0.22305956801544013,,,
0.2138115535083065,,,
0.18098955770285352,,,
0.212000282875763,,,
0.19615284326566185,,,
0.10728707096492672,,,
0.12970565736071826,,,
0.22667579071196764,,,
0.2429521389173344,,,
0.22849809010350874,,,
0.13230773733900936,,,
0.13943377043335434,,,
0.13683179590806072,,,
0.14061939827875006,,,
0.1403836168759911,,,
0.13424214517407362,,,
0.6408891967900932,,,
0.582580065626241,,,
0.5546481784912739,,,
0.5486999397555534,,,
0.6244898618650172,,,
0.6750863419003452,,,
0.7130471757409119,,,
0.7014373625168067,,,
0.7911669657487685,,,
0.8003663295298304,,,
0.7367475224412314,,,
0.7076311701942837,,,
0.5954836732747353,,,
0.38781808114439503,,,
0.4137311917522193,,,
0.3212764757227,,,
0.2365921284960644,,,
0.2379152726104241,,,
0.16062707456472758,,,
0.13932658646456408,,,
0.14847898557398853,,,
0.15095914823533985,,,
0.16170799871074104,,,
0.1470814330697996,,,
0.16437420125869506,,,
0.16481612369552367,,,
0.2705262673938358,,,
0.6206769805667491,,,
0.8219769358071938,,,
0.9089798726155632,,,
0.9423263504526588,,,
0.8416723755748596,,,
0.7612502544615722,,,
0.6975834013300188,,,
0.6122521559657668,,,
0.5960994671525475,,,
0.6060815816377474,,,
0.42354450710600666,,,
0.4520704489441525,,,
0.3009424241286585,,,
0.2497961307700209,,,
0.2500917259090656,,,
0.13801319516935928,,,
0.14067668681335688,,,
0.15677626542008882,,,
0.1413854041356064,,,
0.14267152822689733,,,
0.15093706472001145,,,
0.13542096064871645,,,
0.14615680735976833,,,
0.2199797405349928,,,
0.5673710126897782,,,
0.8526968575735414,,,
0.8808589345727325,,,
0.8847486129560229,,,
0.915998790841306,,,
0.871620812328056,,,
0.7793382228277803,,,
0.8151076943283124,,,
0.8098629306903504,,,
0.7738163576724242,,,
0.5512396087456608,,,
0.3789389488692483,,,
0.30335769477528096,,,
0.2855233533166777,,,
0.3022614646532817,,,
0.20649679020510134,,,
0.2287222470295065,,,
0.21154748161000114,,,
0.2276063739806116,,,
0.20959890567919806,,,
0.38182745313815625,,,
0.6902766307013026,,,
0.5477579927049785,,,
0.4596381279283075,,,
0.5005637210220222,,,
0.6626843510090934,,,
0.7036887068154232,,,
0.6949895801272405,,,
0.712427844307657,,,
0.7071295187015552,,,
0.6446661747155535,,,
0.6711930410947224,,,
0.6168502369832143,,,
0.5920499355702451,,,
0.4454593467610448,,,
0.3190011825709349,,,
0.2265640031702265,,,
0.22244985705401987,,,
0.2102135503939264,,,
0.1420623646428516,,,
0.14913433266369225,,,
0.1484802921606252,,,
0.1402978298970714,,,
0.13681146448924286,,,
0.14152902074912976,,,
0.14907051261808712,,,
0.09546176612026658,,,
0.06330083578432387,,,
0.049757210043854805,,,
0.06422322978155925,,,
0.0852555322230435,,,
0.06861261529230545,,,
0.12147693503422866,,,
0.19716456304799745,,,
0.10939035211019688,,,
0.05398920826661247,,,
0.08558752168206496,,,
0.0628400134141005,,,
0.054130251863596435,,,
0.09891081746512054,,,
0.2219778119184688,,,
0.22798648271569635,,,
0.2177528376097695,,,
0.1349602704200934,,,
0.14798750372471406,,,
0.1375203911262073,,,
0.1414646633118002,,,
0.14724008122826282,,,
0.11881207836325115,,,
0.14147890803968366,,,
0.0922378981561307,,,
0.030990850905167733,,,
0.05247399771976324,,,
0.06854582114718921,,,
0.054860286206543485,,,
0.04705507994319014,,,
0.054101826293688315,,,
0.06154380042486274,,,
0.05168120751761762,,,
0.048994268234516365,,,
0.047069296223205104,,,
0.041059645727330896,,,
0.06572862291299407,,,
0.09047200376357843,,,
0.2375726132270013,,,
0.2329052634448603,,,
0.2458387452410857,,,
0.1383012673545858,,,
0.14937383194603535,,,
0.13974928328549385,,,
0.1598194756572191,,,
0.16271468626247598,,,
0.14276362804287854,,,
0.15432774311206288,,,
0.13259988959551805,,,
0.05888688570785305,,,
0.6902404137423654,,,
0.8451575989721007,,,
0.8950217817307018,,,
0.9904551587660836,,,
0.9219424771649312,,,
0.8483222574140048,,,
0.8291437118721108,,,
0.7995770909098909,,,
0.8283093700974709,,,
0.8608842253411404,,,
0.6592271383671728,,,
0.6274555244898936,,,
0.5817798691479346,,,
0.5009336160096374,,,
0.504602098307859,,,
0.4362250220808948,,,
0.4192558026343161,,,
0.429299282422853,,,
0.4363857874318291,,,
0.4374986593318968,,,
0.4425508032673511,,,
0.6424592344688702,,,
0.5424971224890527,,,
0.4478363768964102,,,
0.4819134166210706,,,
0.7380518326812431,,,
0.73554337343796,,,
0.7199488511861221,,,
0.7193128620086395,,,
0.702701147876521,,,
0.7183651756927554,,,
0.7678171780006329,,,
0.6480829137150104,,,
0.6574864599714929,,,
0.6027038621168077,,,
0.3743799643877504,,,
0.2906585482684063,,,
0.2693836534339207,,,
0.27394764760902124,,,
0.1966898533570216,,,
0.19076695617764505,,,
0.17767087665102021,,,
0.17992546333986634,,,
0.17047637472615176,,,
0.19895504085740567,,,
0.19000390938581013,,,
0.12936816496550074,,,
0.10668980239057067,,,
0.5229023750970212,,,
0.7477322475375021,,,
0.7586562692803747,,,
0.914633780073141,,,
0.9007315030625772,,,
0.9950658256710164,,,
0.930291925675114,,,
0.8614375020713427,,,
0.8298760165469008,,,
0.7997251625824582,,,
0.7054482165733442,,,
0.5651723673069364,,,
0.3806777981955207,,,
0.336008692929088,,,
0.3316222804996367,,,
0.2469550131426028,,,
0.2345809974862143,,,
0.2463822267896645,,,
0.2356948618496544,,,
0.2439236766630253,,,
0.2650684131238874,,,
0.24615445976067285,,,
0.18274795412484,,,
0.325729620017484,,,
0.6888315911428986,,,
0.7969282495168368,,,
0.8190717937588903,,,
0.8538780166162252,,,
0.8383489193966915,,,
0.7822091461271712,,,
0.8292077235837941,,,
0.7933396827737913,,,
0.7852671600072765,,,
0.8198605634489522,,,
0.7047475789329174,,,
0.5123174081540003,,,
0.4139082331678425,,,
0.3962728120069374,,,
0.397669179380574,,,
0.31408629220970763,,,
0.3214075944921686,,,
0.31796076552177643,,,
0.3427822666271689,,,
0.3094436262153937,,,
0.4260188480879319,,,
0.6338265192932346,,,
0.6371994829873704,,,
0.4073787725370428,,,
0.5710259200964134,,,
0.7167172161440285,,,
0.6347866829435991,,,
0.6176070387345374,,,
0.6090222990885001,,,
0.6550941237515735,,,
0.691360896672947,,,
0.6233540659400671,,,
0.5919670723867894,,,
0.5975578488134468,,,
0.4229693626730815,,,
0.31637441274444944,,,
0.3887596300713239,,,
0.3933190762259855,,,
0.3974721590851265,,,
0.3161537263634111,,,
0.3349951526906616,,,
0.3215738163812452,,,
0.3071628515750282,,,
0.3253472070508452,,,
0.3214370429084945,,,
0.3148388553484458,,,
0.2524464292830961,,,
0.22732222031669114,,,
0.23394819849695914,,,
0.2690790744706493,,,
0.26760712420909005,,,
0.23792023906781126,,,
0.2256153465407213,,,
0.22458489333041556,,,
0.2084585330125015,,,
0.21858502542523706,,,
0.21512845807561565,,,
0.21448581543269274,,,
0.17752988908983536,,,
0.10567371435922944,,,
0.2302490206758021,,,
0.22216841750556734,,,
0.2279673281363448,,,
0.13199147559303134,,,
0.13663316814800508,,,
0.13116215531581646,,,
0.1283023729315249,,,
0.12771779634964586,,,
0.15935023991992425,,,
0.12742733877661072,,,
0.05611829407939562,,,
0.016515096830006737,,,
0.016470302998107478,,,
0.0428690305959738,,,
0.04209454334672946,,,
0.06540714399873959,,,
0.09498998803857717,,,
0.052164064101891235,,,
0.017045523479915836,,,
0.041702315518954425,,,
0.036435377646308886,,,
0.023422326773358648,,,
0.13574993295857496,,,
0.250788579390429,,,
0.20638307995532526,,,
0.2397264766975722,,,
0.236671716514941,,,
0.1374657259405736,,,
0.13997465626622765,,,
0.13262356750876325,,,
0.11717282897100302,,,
0.13869059304917508,,,
0.11674996581077045,,,
0.13869543234219114,,,
0.05002839057962527,,,
0.053066983679257,,,
0.4737749660324138,,,
0.7162372675153015,,,
0.6937510292403481,,,
0.696685071837928,,,
0.7049460107413896,,,
0.7344544345464561,,,
0.7422639605689554,,,
0.6949011269365095,,,
0.6592687494216727,,,
0.6232782770074623,,,
0.4923227146062157,,,
0.43910655383740416,,,
0.4730394609417603,,,
0.4671407682814772,,,
0.4699783415167245,,,
0.3988252790382121,,,
0.3988866757876428,,,
0.4104229120028733,,,
0.3902270499374656,,,
0.4133935446149586,,,
0.4141131975536307,,,
0.6711457866128416,,,
0.5779495476883025,,,
0.38584123769383183,,,
0.6378204658798357,,,
0.7618214125265763,,,
0.7577140598765562,,,
0.7123617170700252,,,
0.6132015998049289,,,
0.6471533576918644,,,
0.6744661470088089,,,
0.6267772128430797,,,
0.5801677340438522,,,
0.5086656803698006,,,
0.3494972004416477,,,
0.3123777626443718,,,
0.459407728847784,,,
0.4512884681550871,,,
0.449964367563584,,,
0.3750293793542192,,,
0.3898020576800736,,,
0.3747806612930225,,,
0.387563313284494,,,
0.3875369781764655,,,
0.38027179875466205,,,
0.3940251514503244,,,
0.31318834683467944,,,
0.31724215329145045,,,
0.5088881995512473,,,
0.6094763152571989,,,
0.66963240177689,,,
0.6143378600392713,,,
0.5833582593674191,,,
0.6287907158108683,,,
0.6314269341499457,,,
0.6101392127864287,,,
0.5378987269927338,,,
0.5206514392437662,,,
0.3317103051967045,,,
0.24404864089980285,,,
0.3047693302032881,,,
0.2384478583884686,,,
0.22433966688188667,,,
0.14487188947816246,,,
0.1355670042416235,,,
0.1447516364638548,,,
0.1329921529769953,,,
0.15549958867061253,,,
0.13585158867309974,,,
0.1435126643617668,,,
0.045486511810784336,,,
0.03550204482182106,,,
0.5121261544886115,,,
0.633325483222432,,,
0.665108249457917,,,
0.6074944856106397,,,
0.5879573808147556,,,
0.6959227576580171,,,
0.5976152889986688,,,
0.5506111964176523,,,
0.5056543725475455,,,
0.5290906434851057,,,
0.4068468728250827,,,
0.3588162662061185,,,
0.3766615388762289,,,
0.2426493486076864,,,
0.22021651595737746,,,
0.14832091658112345,,,
0.15173683263878426,,,
0.1564512746720328,,,
0.14934013266681845,,,
0.14612027261575688,,,
0.22152963179788188,,,
0.6345456897609418,,,
0.5382119667156795,,,
0.2825101988308081,,,
0.5147498997649698,,,
0.5879142414611658,,,
0.5321682365759468,,,
0.6105122650193806,,,
0.5790087759923614,,,
0.6822379219405894,,,
0.7131931054881311,,,
1.0,,,
0.6248697373678516,,,
0.5810941380269101,,,
0.4076749071900769,,,
0.3648980865696849,,,
0.3230893753693333,,,
0.2380479879473154,,,
0.22477759645362028,,,
0.12541782887528766,,,
0.12674922521915022,,,
0.13530429153371815,,,
0.13588747510062316,,,
0.12531362884525388,,,
0.16322121468384546,,,
0.13287063687917033,,,
0.0371346949304856,,,
0.03176682749443005,,,
0.04060302830989482,,,
0.05749693579743996,,,
0.06947868167805371,,,
0.0752825367457759,,,
0.0723300612818849,,,
0.11436112007890432,,,
0.08048854267955098,,,
0.08589145257101638,,,
0.0860656642195643,,,
0.06830316853477925,,,
0.07450707772418141,,,
0.049918919414252194,,,
0.19036251566523354,,,
0.2007668465179884,,,
0.2177201465157328,,,
0.13253564447546706,,,
0.13886310476554264,,,
0.13101598385260216,,,
0.12906936332846142,,,
0.13889257143602496,,,
0.1294316714650403,,,
0.14088369796713218,,,
0.015304864683632681,,,
0.01173297044982924,,,
0.028686163671117537,,,
0.06411166727539985,,,
0.05821587455279431,,,
0.07310860315982293,,,
0.061869972779697864,,,
0.07913908279956637,,,
0.08115405760276895,,,
0.06967308452929144,,,
0.08421075770012187,,,
0.07644380629228165,,,
0.08160393851934966,,,
0.05141010398282475,,,
0.2138254068205208,,,
0.2311791458797541,,,
0.22059548459501466,,,
0.13630555777720854,,,
0.12719854053262347,,,
0.13781279219516218,,,
0.14947564836635466,,,
0.14469902593771922,,,
0.13532796384939516,,,
0.1317511072238493,,,
0.0356624895454738,,,
0.0995273558867189,,,
0.5188534323068454,,,
0.5966636821261053,,,
0.5765686483593075,,,
0.5591878164878703,,,
0.5840828053644054,,,
0.7052134960001242,,,
0.6880358997799679,,,
0.6246283074210202,,,
0.5981774569468694,,,
0.5820991448059352,,,
0.4498984491148006,,,
0.21474738575643126,,,
0.2316929844647988,,,
0.2501862129553269,,,
0.23365984215443714,,,
0.1635992932092858,,,
0.16854854563226285,,,
0.16102565208027195,,,
0.15997449236793404,,,
0.16920569541024744,,,
0.19532135601745093,,,
0.6652622534239949,,,
0.5435241609189316,,,
0.44019051637035256,,,
0.3622622262024589,,,
0.5205389853763909,,,
0.5141495827299791,,,
0.5244687898145344,,,
0.4996901614456615,,,
0.5587707708763543,,,
0.5087188861565726,,,
0.5028830927761843,,,
0.4688166514860042,,,
0.4524054973273035,,,
0.3131725363718223,,,
0.2836749877228653,,,
0.24575965109136355,,,
0.235200801156382,,,
0.21619467173647824,,,
0.14005785808479446,,,
0.15323114365061574,,,
0.12828099342047272,,,
0.12692089413472551,,,
0.14913479348238878,,,
0.13629138239818594,,,
0.1434145910712683,,,
0.02443710702534485,,,
0.039016557007768515,,,
0.0515852602981175,,,
0.08245516349761184,,,
0.05951108980093212,,,
0.07554442432091069,,,
0.06239885674486612,,,
0.07305867581139935,,,
0.07360923666396646,,,
0.08822394697590097,,,
0.07517229594748097,,,
0.09534346847776833,,,
0.07712957039486756,,,
0.08083545931364222,,,
0.206750666031577,,,
0.2377911981998162,,,
0.22438309689675773,,,
0.15462585410042662,,,
0.14820884914865928,,,
0.13773987580782965,,,
0.15970313898761246,,,
0.1425514104001171,,,
0.1456813029130939,,,
0.16440679610256792,,,
0.016311597758795315,,,
0.08604976664490449,,,
0.5130170678684167,,,
0.5834500950054124,,,
0.6112811233329603,,,
0.6545405661939827,,,
0.6473805815403361,,,
0.6241825976806843,,,
0.7132267329150883,,,
0.6292114018310757,,,
0.5888432900848688,,,
0.4626328972860652,,,
0.1416995201176494,,,
0.09472610617994136,,,
0.2258850388903526,,,
0.2474522801536008,,,
0.24394191263107645,,,
0.16703493782880807,,,
0.1330157232148692,,,
0.15792590662754513,,,
0.17940934530518593,,,
0.1627149964818404,,,
0.2646047194537342,,,
0.6447586175163131,,,
0.5041053422391646,,,
0.30725633434471344,,,
0.5219785922896851,,,
0.5998140038033809,,,
0.6899226795550861,,,
0.7203293661208772,,,
0.657160869497647,,,
0.6100467071265738,,,
0.631773776210284,,,
0.5853704798838684,,,
0.5806473600893831,,,
0.5095491454056167,,,
0.3799344226595172,,,
0.3344014108316018,,,
0.4737077185340413,,,
0.4707287457527247,,,
0.4772850513916267,,,
0.4016641233252636,,,
0.3960369591074051,,,
0.37317813605183137,,,
0.13588747510062316,,,
0.12531362884525388,,,
0.16322121468384546,,,
0.13287063687917033,,,
0.0371346949304856,,,
0.03176682749443005,,,
0.04060302830989482,,,
0.05749693579743996,,,
0.06947868167805371,,,
0.0752825367457759,,,
0.0723300612818849,,,
0.11436112007890432,,,
0.08048854267955098,,,
0.08589145257101638,,,
0.0860656642195643,,,
0.06830316853477925,,,
0.07450707772418141,,,
0.049918919414252194,,,
0.19036251566523354,,,
0.2007668465179884,,,
0.2177201465157328,,,
0.13253564447546706,,,
0.13886310476554264,,,
0.13101598385260216,,,
0.12906936332846142,,,
0.13889257143602496,,,
0.1294316714650403,,,
0.14088369796713218,,,
0.015304864683632681,,,
0.01173297044982924,,,
0.028686163671117537,,,
0.06411166727539985,,,
0.05821587455279431,,,
0.07310860315982293,,,
0.061869972779697864,,,
0.07913908279956637,,,
0.08115405760276895,,,
0.06967308452929144,,,
0.08421075770012187,,,
0.07644380629228165,,,
0.08160393851934966,,,
0.05141010398282475,,,
0.2138254068205208,,,
0.2311791458797541,,,
0.22059548459501466,,,
0.13630555777720854,,,
0.12719854053262347,,,
0.13781279219516218,,,
0.14947564836635466,,,
0.14469902593771922,,,
0.13532796384939516,,,
0.1317511072238493,,,
0.0356624895454738,,,
0.0995273558867189,,,
0.5188534323068454,,,
0.5966636821261053,,,
0.4400156226484673,,,
0.4199526099232336,,,
0.40852479535320496,,,
0.3581048378829954,,,
0.3512387360545524,,,
0.3849383631101849,,,
0.4236749901254386,,,
0.3676080822570649,,,
0.2312183829380228,,,
0.03919252573959797,,,
0.2047706048519697,,,
0.21020713901691626,,,
0.2147882116079174,,,
0.12426753175252035,,,
0.13418756385288866,,,
0.13076531877431385,,,
0.131537267387706,,,
0.11659477327474076,,,
0.11500276201910566,,,
0.11582628489040392,,,
0.01897220910928299,,,
0.027276223615292583,,,
0.053431108412586685,,,
0.044615210035860116,,,
0.04569479392638787,,,
0.041181373776049135,,,
0.06604279603233199,,,
0.04799194529983053,,,
0.0435919644075331,,,
0.051825962334864695,,,
0.04834982816785826,,,
0.040298778867432265,,,
0.04571371600578278,,,
0.04310413547565562,,,
0.1931036321073334,,,
0.19764834925195984,,,
0.22959238956797454,,,
0.11755119549603865,,,
0.13049373100218894,,,
0.12887587412298052,,,
0.1335327682678984,,,
0.12221854786958143,,,
0.3043387521452265,,,
0.6022992769652848,,,
0.496278643630296,,,
0.30467219429020753,,,
0.4124909830853816,,,
0.556364101029259,,,
0.5219196529236951,,,
0.5866117965122983,,,
0.5983090959746589,,,
0.6415548128383537,,,
0.596324164104963,,,
0.4920245891152684,,,
0.468963838956459,,,
0.4967646814834823,,,
0.31013149196459055,,,
0.13046260228301998,,,
0.22982055767686085,,,
0.23147135977629366,,,
0.23600338431819035,,,
0.13838745595773186,,,
0.150234665294688,,,
0.15757184848306505,,,
0.17735138356216895,,,
0.1595030128703705,,,
0.15778283075773825,,,
0.16020291411161305,,,
0.05595476933795451,,,
0.0547049221621152,,,
0.4822541818489814,,,
0.6827386787402498,,,
0.7083290496789365,,,
0.7269771705719648,,,
0.7149113586816034,,,
0.7606154774614886,,,
0.750991324120319,,,
0.7483054079824387,,,
0.7395463096125763,,,
0.7220453686476884,,,
0.6013650588275912,,,
0.32346216777340603,,,
0.25654872487365044,,,
0.2671941333246357,,,
0.24883381406820385,,,
0.17774609928324114,,,
0.1829047890405593,,,
0.1778248056246987,,,
0.1880756569928317,,,
0.19152796555151494,,,
0.2676963196920377,,,
0.6588174712836654,,,
0.6228671151519669,,,
0.43958252565239053,,,
0.4253550792040652,,,
0.6600530429493405,,,
0.6866059628686552,,,
0.7152236591344425,,,
0.7067971150917636,,,
0.7416629433504651,,,
0.7954904071153899,,,
0.7209745248404245,,,
0.6441788923707223,,,
0.5095491454056167,,,
0.3799344226595172,,,
0.3344014108316018,,,
0.4737077185340413,,,
0.4707287457527247,,,
0.4772850513916267,,,
0.4016641233252636,,,
0.3960369591074051,,,
0.37317813605183137,,,
0.13588747510062316,,,
0.12531362884525388,,,
0.16322121468384546,,,
0.13287063687917033,,,
0.0371346949304856,,,
0.03176682749443005,,,
0.04060302830989482,,,
0.05749693579743996,,,
0.06947868167805371,,,
0.0752825367457759,,,
0.0723300612818849,,,
0.11436112007890432,,,
0.08048854267955098,,,
0.08589145257101638,,,
0.0860656642195643,,,
0.06830316853477925,,,
0.07450707772418141,,,
0.049918919414252194,,,
0.19036251566523354,,,
0.2007668465179884,,,
0.2177201465157328,,,
0.13253564447546706,,,
0.13886310476554264,,,
0.13101598385260216,,,
0.12906936332846142,,,
0.13889257143602496,,,
0.1294316714650403,,,
0.14088369796713218,,,
0.015304864683632681,,,
0.01173297044982924,,,
0.028686163671117537,,,
0.06411166727539985,,,
0.05821587455279431,,,
0.07310860315982293,,,
0.061869972779697864,,,
0.07913908279956637,,,
0.08115405760276895,,,
0.06967308452929144,,,
0.08421075770012187,,,
0.07644380629228165,,,
0.08160393851934966,,,
0.05141010398282475,,,
0.2138254068205208,,,
0.2311791458797541,,,
0.22059548459501466,,,
0.13630555777720854,,,
0.12719854053262347,,,
0.13781279219516218,,,
0.14947564836635466,,,
0.14469902593771922,,,
0.13532796384939516,,,
0.1317511072238493,,,
0.0356624895454738,,,
0.0995273558867189,,,
0.5188534323068454,,,
0.5674072400322641,,,
0.4400156226484673,,,
0.4199526099232336,,,
0.40852479535320496,,,
0.3581048378829954,,,
0.5961812986237693,,,
0.5929797763779483,,,
0.5365611043595728,,,
0.545803648609688,,,
0.5593463750389804,,,
0.3744855815778738,,,
0.20281229040961346,,,
0.2493191627014859,,,
0.25337348730709985,,,
0.1600339674597464,,,
0.14474970704786472,,,
0.14785692388228533,,,
0.13739854032430632,,,
0.15243061416513634,,,
0.2732833669198502,,,
0.6940550425100881,,,
0.5450089399528277,,,
0.4162697149225054,,,
0.2067846176242809,,,
0.3682476489829596,,,
0.3871861775535228,,,
0.3646482698172879,,,
0.3811400158322522,,,
0.40989063017860383,,,
0.3828654391514399,,,
0.3915600755191462,,,
0.38961408181192425,,,
0.3741362008960807,,,
0.20041070506807035,,,
0.06578335783384047,,,
0.1935520161034887,,,
0.25987309401737946,,,
0.2604315081530135,,,
0.1852358582171343,,,
0.17798775659328034,,,
0.18922167507107845,,,
0.1733351053299632,,,
0.17810233155102614,,,
0.16892992909454566,,,
0.17989380808012756,,,
0.06839597059002189,,,
0.18105902275956295,,,
0.5497604921150798,,,
0.6726173897267161,,,
0.7076054361562263,,,
0.6869622886370199,,,
0.6711858925115228,,,
0.7143734950234101,,,
0.6206953665486461,,,
0.5744719875982494,,,
0.6408858499793268,,,
0.6247167596981789,,,
0.4956400509411267,,,
0.3886274222286108,,,
0.3781850807604603,,,
0.3879132395966267,,,
0.3912269031917948,,,
0.30073645267618376,,,
0.31756465492275065,,,
0.28550723901817365,,,
0.3016688198621136,,,
0.322875997152539,,,
0.30384995303337003,,,
0.2841285609256956,,,
0.20582369229209266,,,
0.24481589689006575,,,
0.3845325280923668,,,
0.4483092523734098,,,
0.4880800190517278,,,
0.5013594208816152,,,
0.5317730192097354,,,
0.531445426486369,,,
0.546064975415423,,,
0.5261996891190197,,,
0.5246160235827331,,,
0.4992505720936973,,,
0.3254627383510229,,,
0.19543279728704727,,,
0.17193893706662422,,,
0.24055638917494004,,,
0.24523850651356405,,,
0.19072746807027707,,,
0.15249591675338706,,,
0.1499561854845286,,,
0.15439084338524367,,,
0.1525643172404103,,,
0.3900278463068592,,,
0.6049418413794609,,,
0.5082717989441248,,,
0.2349502701437505,,,
0.4975105705454928,,,
0.5745436115788483,,,
0.5644205320144318,,,
0.6087298332604463,,,
0.6102137192425765,,,
0.5265705182067495,,,
0.5736767969881433,,,
0.5772183077521897,,,
0.5404116670325592,,,
0.5160929834236283,,,
0.3766361129128297,,,
0.12946376740474494,,,
0.15715483870217195,,,
0.2310027352560113,,,
0.2398946548078729,,,
0.14674475656040853,,,
0.16117834310469448,,,
0.37317813605183137,,,
0.13588747510062316,,,
0.1498991036646702,,,
0.14976566507886213,,,
0.11839121113215878,,,
0.03034051032959884,,,
0.04875356269899545,,,
0.06905919250603576,,,
0.08515343291478894,,,
0.0869215381847539,,,
0.09185097873563164,,,
0.07372374313914287,,,
0.07416115823565539,,,
0.09064204236899308,,,
0.09439504567339174,,,
0.07915673293075676,,,
0.07906777382773056,,,
0.06270805238196964,,,
0.05178695178459236,,,
0.14071278607739002,,,
0.2262646808873789,,,
0.2261771412662075,,,
0.13689341543853573,,,
0.14376665114333154,,,
0.15729523629004838,,,
0.13858886653605218,,,
0.15095875583121332,,,
0.1367797673415696,,,
0.1053226957881268,,,
0.03941609707560945,,,
0.03531783569451319,,,
0.0655627620903334,,,
0.07476117934793791,,,
0.07913469805115891,,,
0.09607439335561764,,,
0.07185658100809267,,,
0.06940546123177826,,,
0.06500289951424554,,,
0.061284296381952874,,,
0.05746072415119841,,,
0.07713145696030478,,,
0.07154927532256661,,,
0.06817173428954026,,,
0.17893176867163651,,,
0.23988160914958945,,,
0.2610738164830977,,,
0.15846441874358152,,,
0.1569506002437744,,,
0.14670677847477798,,,
0.15472132483866208,,,
0.14900137781268394,,,
0.13924732863728684,,,
0.14566094295577248,,,
0.056561979925521026,,,
0.10061204457930016,,,
0.4258580720358571,,,
0.47096670417480396,,,
0.4945085365746325,,,
0.4515666763806285,,,
0.4380734237981949,,,
0.4949573600823442,,,
0.5409112228175044,,,
0.5198932786862054,,,
0.507934766143026,,,
0.5172340685821153,,,
0.27379574825537745,,,
0.16313097732813953,,,
0.2796039135065049,,,
0.32549280208034625,,,
0.3256037941655925,,,
0.2386338428041324,,,
0.2488115936217312,,,
0.2528005389305599,,,
0.24975366230753915,,,
0.25863419552805045,,,
0.4716912940492359,,,
0.5580178155089293,,,
0.4570139847527237,,,
0.4901221472070159,,,
0.3975505109215591,,,
0.4336470790948246,,,
0.44849105292107705,,,
0.4662582153131694,,,
0.4488705737075902,,,
0.4828685466930769,,,
0.5194855653157937,,,
0.5140124234711014,,,
0.4512281412082819,,,
0.4485176855899926,,,
0.3003781667705816,,,
0.2447279224610024,,,
0.3025571475460138,,,
0.3843984280816493,,,
0.3837918349659124,,,
0.3071995337636193,,,
0.3079907509665496,,,
0.3123193614069364,,,
0.3199333542990135,,,
0.3102699578238437,,,
0.31340689562710544,,,
0.2762239822712682,,,
0.2181526266783811,,,
0.2338187549736066,,,
0.3954772532976487,,,
0.4732504245414329,,,
0.463432199051943,,,
0.482649212506935,,,
0.5083869732534736,,,
0.5077186883313107,,,
0.5640177038847329,,,
0.5124773900073203,,,
0.4851356667672202,,,
0.4283943881404513,,,
0.3073844495802716,,,
0.34066379656799484,,,
0.2418352516725593,,,
0.2375283749289743,,,
0.23168251450306695,,,
0.11787730523254948,,,
0.13066971940729344,,,
0.12723899411487993,,,
0.1293908959215231,,,
0.1253619123778491,,,
0.13528445423656032,,,
0.08788668730071647,,,
0.025726917128285454,,,
0.07122273173801252,,,
0.3864561402000519,,,
0.48993386759224,,,
0.478862978946633,,,
0.5185343942766454,,,
0.4808417437063679,,,
0.4840201411144474,,,
0.5094043543341495,,,
0.4864900146780542,,,
0.479454105966298,,,
0.4305412719716144,,,
0.38000453858204697,,,
0.3164617968482699,,,
0.19121217912306052,,,
0.2637032084499609,,,
0.2649049106740433,,,
0.1863065944125637,,,
0.18166064212682095,,,
0.20138407957171545,,,
0.1812751456120956,,,
0.1867194839451796,,,
0.3747125757487861,,,
0.6054403734155769,,,
0.5483619776366067,,,
0.3344953717631216,,,
0.5114406464716197,,,
0.5876640691587642,,,
0.5702551323220408,,,
0.5755056179282274,,,
0.5825697471238303,,,
0.6129471091570609,,,
0.6029752991002515,,,
0.5822451581678512,,,
0.5485321515715835,,,
0.528506215478588,,,
0.2492545466537943,,,
0.09529824812971376,,,
0.14276042941049385,,,
0.2527438370452595,,,
0.2578846354272666,,,
0.16226989694401572,,,
0.17467254426637124,,,
0.15387043785160115,,,
0.1569433359670196,,,
0.16365240853150365,,,
0.165251813187679,,,
0.1050761434410532,,,
0.060214689211035566,,,
0.08046244793250867,,,
0.0754087122583389,,,
0.10101592776073387,,,
0.12833655200485072,,,
0.11994461514426735,,,
0.1017390959643114,,,
0.11014354833936313,,,
0.1217080549210201,,,
0.10434464082961893,,,
0.11325421373175715,,,
0.12578425054303333,,,
0.10677881152179136,,,
0.0945810708832786,,,
0.14226037917449294,,,
0.24628806015487914,,,
0.2430186660929672,,,
0.14454500892879407,,,
0.16359636615946416,,,
0.15549044740466078,,,
0.16435179105480602,,,
0.17747927056916524,,,
0.16193120976607522,,,
0.10216689499313024,,,
0.0622055012922953,,,
0.06900885810482249,,,
0.09200030740852982,,,
0.10672250272916584,,,
0.18193152871880255,,,
0.10991411625071246,,,
0.12878308652327508,,,
0.12315105356553158,,,
0.11398630537938548,,,
0.1077873751286682,,,
0.10482457277365764,,,
0.10485639856207696,,,
0.11781619827530188,,,
0.1035926853818121,,,
0.15396911711676695,,,
0.26446639245904396,,,
0.27102962188244284,,,
0.1715280172357514,,,
0.1834663904194924,,,
0.16997198051795115,,,
0.17674888040402914,,,
0.1716939069722665,,,
0.1664452205531024,,,
0.12040875533124185,,,
0.06794330509598856,,,
0.18434498494002272,,,
0.4543863571351006,,,
0.5212487262899099,,,
0.5535909393197782,,,
0.5933479768166001,,,
0.5474459350103924,,,
0.5368993722642439,,,
0.5883887993603598,,,
0.5395357312099978,,,
0.4734511882273904,,,
0.5224418199070562,,,
0.27379574825537745,,,
0.16313097732813953,,,
0.2796039135065049,,,
0.32549280208034625,,,
0.3256037941655925,,,
0.2386338428041324,,,
0.2488115936217312,,,
0.2528005389305599,,,
0.24975366230753915,,,
0.25863419552805045,,,
0.4716912940492359,,,
0.5580178155089293,,,
0.4570139847527237,,,
0.4901221472070159,,,
0.3975505109215591,,,
0.6446656977192666,,,
0.6666448156819693,,,
0.688820788314676,,,
0.6890044643607784,,,
0.7224093521938024,,,
0.7988315863189559,,,
0.8224603003673523,,,
0.7574743439548568,,,
0.6791566385166576,,,
0.5630388625173546,,,
0.4317911743685996,,,
0.2950658766808312,,,
0.257332188521922,,,
0.2572759388463539,,,
0.16752031754126714,,,
0.1741509327883275,,,
0.17803249659879716,,,
0.1765020542060718,,,
0.18335055839320533,,,
0.16362633997561105,,,
0.16837778152249028,,,
0.06907753611005463,,,
0.08405369528013296,,,
0.549415830747082,,,
0.6566551737881223,,,
0.6528652866504827,,,
0.6625295738856871,,,
0.6762970840280604,,,
0.7184496988655367,,,
0.7187060255520858,,,
0.6558855373310917,,,
0.6060864791347802,,,
0.5843074198583511,,,
0.4520657111859423,,,
0.3784159158120226,,,
0.2574885167792256,,,
0.2675854142798895,,,
0.24879201948859556,,,
0.1940057640600923,,,
0.1667251719804792,,,
0.17548559494592952,,,
0.17300275302076296,,,
0.16675553161985726,,,
0.16146400641528658,,,
0.10510845685726622,,,
0.0667704072874975,,,
0.10791217899987073,,,
0.42875883319531693,,,
0.5484278887924363,,,
0.5181879487949255,,,
0.5052884644539829,,,
0.5296815108821491,,,
0.5245430778409488,,,
0.6580230822795516,,,
0.5539347079141952,,,
0.5138553392672791,,,
0.5249546990497196,,,
0.3902822759319173,,,
0.25848054634530193,,,
0.410618969128548,,,
0.6887440630110029,,,
0.7191055169795382,,,
0.26000929726390304,,,
0.26262102364979256,,,
0.23894368911822106,,,
0.2575340070718619,,,
0.2529808568710572,,,
0.264016167812172,,,
0.2723333542145272,,,
0.1649786818262915,,,
0.22693694221858296,,,
0.42251904645081817,,,
0.6372722463213973,,,
0.634696885045634,,,
0.6540633796563884,,,
0.6191700349268396,,,
0.5696372593414836,,,
0.641531708920172,,,
0.5829060979966898,,,
0.5208460913912814,,,
0.4819445713880111,,,
0.27343713457535657,,,
0.24612234833720856,,,
0.3034072335223605,,,
0.4085012230322387,,,
0.4152739852708045,,,
0.3256331353141109,,,
0.3278490084484398,,,
0.33742472420501324,,,
0.32314610348693584,,,
0.3230501479741892,,,
0.32301625784142685,,,
0.2480714097549153,,,
0.24029380952435764,,,
0.24652547651459236,,,
0.2739089092539406,,,
0.2927974916701093,,,
0.30361278052223106,,,
0.29407541263140224,,,
0.2807641455386212,,,
0.3151040325374645,,,
0.3004568087605981,,,
0.2956107414527636,,,
0.2920023039846962,,,
0.2930014745340341,,,
0.27229816574166143,,,
0.2700718048532109,,,
0.2956929078101025,,,
0.4087439099836248,,,
0.3969518740597509,,,
0.32613755657121857,,,
0.3260545707087559,,,
0.3184831235599885,,,
0.3190712358926935,,,
0.32275619484308393,,,
0.3181463239426523,,,
0.2737892309610705,,,
0.22369993825726908,,,
0.24210532381608865,,,
0.2562826107346452,,,
0.2651104904475741,,,
0.295708779782315,,,
0.10991411625071246,,,
0.28476416362387624,,,
0.29530739094024305,,,
0.2931010008044419,,,
0.2834304351538237,,,
0.2697154235654571,,,
0.2742302542871231,,,
0.247501717985652,,,
0.16237103923093654,,,
0.2287109369135916,,,
0.3125338674386726,,,
0.3036303233862676,,,
0.2340769487585921,,,
0.22437239044330012,,,
0.2297910561643328,,,
0.22104282522376106,,,
0.21573787343120632,,,
0.2264331401250645,,,
0.1664275615430717,,,
0.11083421438995833,,,
0.2289064718610465,,,
0.4800987169410211,,,
0.6079524590116229,,,
0.595892826666371,,,
0.6435354817067056,,,
0.5999475563400689,,,
0.6374376597356091,,,
0.6752183635676405,,,
0.6261920241585193,,,
0.7206995766398236,,,
0.7204620740672416,,,
0.5189231361017059,,,
0.2003983960669604,,,
0.42721317041337503,,,
0.6829292217220373,,,
0.7737722565902811,,,
0.24457035827182594,,,
0.18724061725870644,,,
0.1744781694654689,,,
0.1843189804564762,,,
0.1908408426641155,,,
0.21363765491648845,,,
0.5057244782169366,,,
0.4114582638189472,,,
0.4413571084308243,,,
0.4835256045172786,,,
0.5447064602111968,,,
0.5468244308461139,,,
0.5635507287608044,,,
0.5938294933077919,,,
0.6395937028748224,,,
0.6722834941297187,,,
0.6192655782157352,,,
0.5429745048486625,,,
0.5856326881332765,,,
0.3299854357656069,,,
0.1487598013053244,,,
0.2393067782433316,,,
0.2955516476689546,,,
0.28424175645570937,,,
0.21206634214666264,,,
0.21763954588638198,,,
0.17803249659879716,,,
0.1765020542060718,,,
0.18335055839320533,,,
0.16362633997561105,,,
0.16837778152249028,,,
0.06907753611005463,,,
0.08405369528013296,,,
0.549415830747082,,,
0.6566551737881223,,,
0.6951676504114674,,,
0.7147726806660106,,,
0.6424704997546509,,,
0.6219202836487208,,,
0.6553731118949937,,,
0.5927546506982138,,,
0.5582262047093436,,,
0.5154192892023173,,,
0.4153377107216243,,,
0.4319454764857533,,,
0.26286219189039883,,,
0.2909696948642062,,,
0.2840452883316895,,,
0.18696975886353773,,,
0.18682763581241746,,,
0.1976136309173917,,,
0.19712033577318744,,,
0.20392032343440605,,,
0.1943544323144204,,,
0.122660146407072,,,
0.1145042699464338,,,
0.17883971396383205,,,
0.4573122371831997,,,
0.6161851525893249,,,
0.5924273858818476,,,
0.6307034659842912,,,
0.5864833042646147,,,
0.6828577592275584,,,
0.6548181760280407,,,
0.6033591118035404,,,
0.55017316893144,,,
0.5154413327668323,,,
0.3108048107433485,,,
0.15405905264233421,,,
0.4984275258758402,,,
0.7124554441867561,,,
0.6293008014980095,,,
0.1989172846803382,,,
0.1835723778673457,,,
0.23894368911822106,,,
0.2575340070718619,,,
0.2529808568710572,,,
0.264016167812172,,,
0.2723333542145272,,,
0.1649786818262915,,,
0.4659995682798801,,,
0.4706633296342564,,,
0.5894583816619914,,,
0.5938649114322883,,,
0.6944564311874508,,,
0.6364745353382841,,,
0.5567301530122868,,,
0.6236255149808545,,,
0.6257154627721486,,,
0.5307319407621014,,,
0.516700906766498,,,
0.325592010251639,,,
0.14508808727337508,,,
0.16439790700444146,,,
0.292444063050922,,,
0.29109832964728666,,,
0.21012959553788235,,,
0.20382079276852405,,,
0.20915071249541794,,,
0.20974660211667476,,,
0.19758264671272616,,,
0.20484623634358634,,,
0.13228294647977234,,,
0.10235365171932108,,,
0.1072185635658962,,,
0.14677052596166318,,,
0.13865231163024916,,,
0.1618223413189841,,,
0.1522989846596463,,,
0.15930487158509798,,,
0.1618675974529853,,,
0.16462276823246216,,,
0.16439957820573034,,,
0.16805527508877294,,,
0.15418335991133206,,,
0.1487413409532401,,,
0.1486083136897789,,,
0.1499737856846215,,,
0.2765344099721543,,,
0.2889354800921611,,,
0.1992450162037489,,,
0.1841869774775735,,,
0.2008185668300686,,,
0.20949207639475095,,,
0.2023394388306752,,,
0.21013365993702227,,,
0.12865364508514346,,,
0.08990573461606788,,,
0.10446192992340686,,,
0.1393496556112721,,,
0.16585237187628854,,,
0.18028202029490714,,,
0.1718651420431314,,,
0.1685376456078571,,,
0.16147776943147066,,,
0.1595626090038631,,,
0.1528291160762345,,,
0.17427934992155336,,,
0.17124516767484674,,,
0.18871017388315714,,,
0.1651016292093188,,,
0.17120734798498294,,,
0.30782270005380363,,,
0.3014162093279769,,,
0.2147676267967049,,,
0.21366437939610486,,,
0.21057701065945267,,,
0.2024187330433711,,,
0.20187528894421813,,,
0.2163143512817829,,,
0.1613642990320665,,,
0.1032435935715874,,,
0.21969180974707705,,,
0.5325963973174432,,,
0.6564835946973404,,,
0.6897277715488829,,,
0.6788436000823208,,,
0.6676021892657199,,,
0.5677243466597583,,,
0.730009091342728,,,
0.8549024255664621,,,
0.8339154081751876,,,
0.8284466149299416,,,
0.6198117263925833,,,
0.3274161152865962,,,
0.5176728405325061,,,
0.6983752182723513,,,
0.7078781717528377,,,
0.18630349555563264,,,
0.20521300209464768,,,
0.18618141643744046,,,
0.1977678455389129,,,
0.18973355435867226,,,
0.21663062582168013,,,
0.4272723018679816,,,
0.35304199246532786,,,
0.4166554186649494,,,
0.5880734709918469,,,
0.8234172334444483,,,
0.8486591414985574,,,
0.8462757989400358,,,
0.8033902192800118,,,
0.7561450794280673,,,
0.6696650892738214,,,
0.6715176760214345,,,
0.5926282682761288,,,
0.562959401745259,,,
0.40911467851982586,,,
0.3222287832608459,,,
0.3064268989603276,,,
0.4512570363533235,,,
0.4394984307348255,,,
0.36468020401612333,,,
0.3628071605517143,,,
0.3639129847924476,,,
0.3788737703228735,,,
0.3748863135926488,,,
0.3720241453297115,,,
0.2958343896261169,,,
0.3041643346537937,,,
0.34301797888812624,,,
0.4586830281766581,,,
0.5582849104305518,,,
0.5976928734576861,,,
0.5618224692024505,,,
0.5497750609585172,,,
0.5999752681758053,,,
0.6202744358085486,,,
0.5923641233396628,,,
0.5259089707331546,,,
0.5174709351678923,,,
0.3034531025045233,,,
0.1973865508124137,,,
0.16647085852561672,,,
0.2796720510951673,,,
0.28164993137125016,,,
0.1953778052615398,,,
0.1941163455647099,,,
0.21623431360935008,,,
0.1952937167344193,,,
0.2031542336406793,,,
0.1929123690459833,,,
0.11860950471746312,,,
0.09785325537944134,,,
0.2293294634290337,,,
0.4689920074024632,,,
0.606496450646254,,,
0.6417283425936384,,,
0.6134379961916192,,,
0.6134106967218447,,,
0.6306986079493964,,,
0.6993825851998983,,,
0.6133499823303237,,,
0.5958624029084358,,,
0.6412764583863599,,,
0.42605260647647997,,,
0.35411073779786273,,,
0.6112595446508822,,,
0.6978312418749321,,,
0.7330654602150357,,,
0.19434507953064184,,,
0.20537146235299544,,,
0.19958497351087656,,,
0.20630474273859226,,,
0.19131199273538124,,,
0.21349597596464864,,,
0.2806659460686043,,,
0.1969450586871848,,,
0.2852234230776367,,,
0.5061409440501796,,,
0.7494853994922837,,,
0.7278730447388199,,,
0.7676547707059673,,,
0.7529797501108759,,,
0.7201462083062298,,,
0.7176629182784797,,,
0.7222626483574714,,,
0.6956971972257889,,,
0.6859666920795751,,,
0.462979710052493,,,
0.2682039643861214,,,
0.11577332595370216,,,
0.2566936849446897,,,
0.26215473817274404,,,
0.18229726449884964,,,
0.17244623388911862,,,
0.1802946537769805,,,
0.18239296365207247,,,
0.17470321374547515,,,
0.1800108351106262,,,
0.11094627056341723,,,
0.08977853150337323,,,
0.07998975515956497,,,
0.10863247370106066,,,
0.10698172787805094,,,
0.1269831506840058,,,
0.13250977509401585,,,
0.1238155249418278,,,
0.14015325706961246,,,
0.13877925633193566,,,
0.12502269394865362,,,
0.13984351221388236,,,
0.16017756031109176,,,
0.1249595953060254,,,
0.1065915467157339,,,
0.1134441925409937,,,
0.2618681462695962,,,
0.2578671551559615,,,
0.18663669147858772,,,
0.17439170289645833,,,
0.1813396953387647,,,
0.18630293386862995,,,
0.18389776007018946,,,
0.1834471762492571,,,
0.1011727661066768,,,
0.07684427421479878,,,
0.10044779027465234,,,
0.1110661429946842,,,
0.1264048080990654,,,
0.13623782372199988,,,
0.143499940706731,,,
0.14873719985595235,,,
0.14739208725603306,,,
0.13283112598880242,,,
0.15678913970242192,,,
0.14459270422727055,,,
0.1399677444241485,,,
0.14711628059576445,,,
0.13625706377950975,,,
0.11872867523868448,,,
0.2865285252613265,,,
0.27738766766580003,,,
0.2013589316244131,,,
0.194912269552006,,,
0.21754235180146075,,,
0.18580954310288653,,,
0.18517245358613588,,,
0.1809553991299828,,,
0.10680339633140434,,,
0.0839819065332108,,,
0.1982875116530556,,,
0.4834161549965188,,,
0.6111825966834634,,,
0.6848169166061919,,,
0.7413797462540672,,,
0.619142198919711,,,
0.6637562384211471,,,
0.6504204145447257,,,
0.6227935855739597,,,
0.582449420328047,,,
0.5672888896234967,,,
0.3312873445437789,,,
0.16550125706223584,,,
0.36404586834555497,,,
0.7368103757664572,,,
0.8068561254874353,,,
0.2332678953432503,,,
0.20776143944064973,,,
0.20851516678679796,,,
0.1980328082655265,,,
0.20312395639188674,,,
0.23682012571217426,,,
0.506653156855458,,,
0.34101861281228674,,,
0.27439837247629395,,,
0.4560091833195963,,,
0.6489934847916676,,,
0.6805311299584087,,,
0.7265970835841751,,,
0.6626667546270455,,,
0.6315938042259308,,,
0.6605650156815956,,,
0.5953540421848778,,,
0.5697485919263086,,,
0.5507612114837257,,,
0.3140983317170023,,,
0.1420575854424717,,,
0.14065509905252238,,,
0.2907613203117183,,,
0.2839378675678401,,,
0.21771268849644046,,,
0.19377559900995853,,,
0.2008457976486349,,,
0.20305214299023436,,,
0.2114690683215832,,,
0.2038765024641984,,,
0.1583758770818382,,,
0.10326766224268358,,,
0.1922816551513682,,,
0.4646402774294494,,,
0.5407018390154574,,,
0.5657920743798646,,,
0.5428524933876955,,,
0.5637322033074552,,,
0.6390395156335287,,,
0.6145333988101536,,,
0.575346922265283,,,
0.5471725353612409,,,
0.5297325089386304,,,
0.4207767593731231,,,
0.3924979877808088,,,
0.23308990682916075,,,
0.3027512621066939,,,
0.28917846872444075,,,
0.19731603565451605,,,
0.20192530079159665,,,
0.194480874635012,,,
0.1887411818593492,,,
0.21480681491473466,,,
0.2017989110494316,,,
0.1345293984920386,,,
0.09407000827238933,,,
0.2066263417487608,,,
0.4661997110131839,,,
0.5796467018628877,,,
0.7644414418378522,,,
0.7227795409404774,,,
0.7548365488850126,,,
0.7572887599219507,,,
0.7795481854593116,,,
0.7122613067949031,,,
0.6116788323210267,,,
0.5525768382719161,,,
0.4359862143269688,,,
0.2868982987968121,,,
0.3269424234949545,,,
0.695755871854836,,,
0.8043216041751768,,,
0.4282569620835779,,,
0.19194472050484898,,,
0.19671050019672973,,,
0.20196837409771984,,,
0.1983646116163933,,,
0.21912134248141332,,,
0.5205127059271035,,,
0.353271771012313,,,
0.2602167741292454,,,
0.4596868552958502,,,
0.5518520211917735,,,
0.5949733783061566,,,
0.6347577071964223,,,
0.6239639125292311,,,
0.6099982674311204,,,
0.5890329796600162,,,
0.5783830579896607,,,
0.5511674224707348,,,
0.4949019545111923,,,
0.43342202418248205,,,
0.2948700611799846,,,
0.26010488578929136,,,
0.41636038294164335,,,
0.4395619706258387,,,
0.3361261643057798,,,
0.33788084931014595,,,
0.34192645782530073,,,
0.3315145989385786,,,
0.33144117998104106,,,
0.3337471207324003,,,
0.2693391089590933,,,
0.24059180041307826,,,
0.2570402998929553,,,
0.2836251771840699,,,
0.2999273313415389,,,
0.30146727584596045,,,
0.30069500095654833,,,
0.2917408135475115,,,
0.30271015972626936,,,
0.307331404423699,,,
0.2876168595187143,,,
0.3015858308761068,,,
0.2891974027830377,,,
0.29297138984601023,,,
0.2812145612206853,,,
0.2779379458529907,,,
0.4106001182071184,,,
0.4267115938171813,,,
0.343614271635865,,,
0.3345365082109808,,,
0.33014632381466313,,,
0.33277897410792656,,,
0.3361858586954414,,,
0.3250118124526655,,,
0.2582427081281611,,,
0.2522930469371443,,,
0.25894370548999657,,,
0.2866131150210505,,,
0.2985526272101784,,,
0.3084385727304122,,,
0.31783448355222804,,,
0.3073695903567173,,,
0.2982995683053824,,,
0.3300553502246104,,,
0.318889675339181,,,
0.2991926829769924,,,
0.2967283535231351,,,
0.2984399114677601,,,
0.30065132321539195,,,
0.2888130255631789,,,
0.4307424964400841,,,
0.4357762730888704,,,
0.34116163616115,,,
0.34407638834812193,,,
0.3365016630537596,,,
0.3426599985828105,,,
0.3400066551946521,,,
0.34151158326910336,,,
0.2690938289867781,,,
0.2692149880515173,,,
0.3267826171532091,,,
0.4725601220195501,,,
0.6860891502433062,,,
0.6770355542005158,,,
0.6661474292721259,,,
0.643294627049817,,,
0.6627892583429138,,,
0.6474596860668687,,,
0.5870201758744558,,,
0.564280270044331,,,
0.5779655649622821,,,
0.3805415326522335,,,
0.1860948552293813,,,
0.3320652084902034,,,
0.7103414275872058,,,
0.8192940007619174,,,
0.2982955818003683,,,
0.2173732699115156,,,
0.2090221043456744,,,
0.20981219118004235,,,
0.2068274164002584,,,
0.2511370098588315,,,
0.4129182491631669,,,
0.3401754515350919,,,
0.394987626056313,,,
0.5278783567570198,,,
0.7172240539084407,,,
0.7930833316535479,,,
0.753980954298676,,,
0.7039249578205053,,,
0.6554735519703669,,,
0.5867445629170285,,,
0.5332633739621384,,,
0.4844054315128434,,,
0.4520381213265674,,,
0.3470669012261234,,,
0.1474931719033501,,,
0.1299323993780077,,,
0.28672603739197955,,,
0.29004042891511794,,,
0.21104813420865565,,,
0.20383261920074824,,,
0.2174323473461928,,,
0.20507180513407966,,,
0.2008932449724803,,,
0.2112719636529059,,,
0.13136237488047042,,,
0.1054391699052859,,,
0.1784187658687051,,,
0.4146080581896063,,,
0.6407740649493796,,,
0.7221784801776217,,,
0.7323042040260468,,,
0.6745139918827049,,,
0.6618311563202889,,,
0.5957823134500839,,,
0.5540906272896184,,,
0.5706862173193152,,,
0.5816176756078475,,,
0.3738699785666868,,,
0.2477780609375091,,,
0.1412205751287985,,,
0.3298550857686826,,,
0.2848192823786277,,,
0.1980393372722813,,,
0.2022986663862838,,,
0.195849801194778,,,
0.2003719382705076,,,
0.2143400015805157,,,
0.19418963073219508,,,
0.12882698377621216,,,
0.1012118278021874,,,
0.2398868915018713,,,
0.4760732894363624,,,
0.6506856465322204,,,
0.7248050207024144,,,
0.7047352638045229,,,
0.670310373803757,,,
0.6671059666857784,,,
0.6767839914738882,,,
0.6451214058866692,,,
0.5870787859757298,,,
0.4965389431554818,,,
0.2430148641495013,,,
0.16210782316786787,,,
0.3623812942643978,,,
0.773452991415498,,,
0.6828023919751516,,,
0.2072215471192167,,,
0.2085982307052001,,,
0.2024076716161152,,,
0.19600194441724605,,,
0.2117368881182795,,,
0.3247117216561164,,,
0.50854422369749,,,
0.2528374273608498,,,
0.22353868848031053,,,
0.500834294201137,,,
0.7171461660014335,,,
0.6785318499229414,,,
0.6181256979299938,,,
0.5777000153381096,,,
0.5910545575452213,,,
0.6567379349869058,,,
0.6533389530989591,,,
0.6705868017973513,,,
0.6321869563788245,,,
0.3513982604688817,,,
0.22836828023739966,,,
0.10762155774075888,,,
0.2826476702489553,,,
0.2821618007627311,,,
0.20495004649420467,,,
0.1983024531999069,,,
0.19830842082330014,,,
0.1947181728590444,,,
0.20807904467924354,,,
0.18617136694532954,,,
0.10496791848124998,,,
0.06980750323766483,,,
0.09976009710590317,,,
0.1431339189326568,,,
0.15108524382244234,,,
0.1350396515193686,,,
0.13608906741509494,,,
0.15576195315257646,,,
0.13182831741455514,,,
0.1462852600623723,,,
0.1446686369866632,,,
0.12168875143838465,,,
0.11284922319485212,,,
0.14187651123288392,,,
0.12373913930443735,,,
0.10373948687807476,,,
0.26647013452591617,,,
0.2595756764544497,,,
0.1801766204923263,,,
0.19395574068031385,,,
0.19455327725166693,,,
0.16993549650600806,,,
0.18433407208528066,,,
0.1848585511757128,,,
0.10534465480632438,,,
0.07497328715489583,,,
0.07814981532149813,,,
0.0899019892814863,,,
0.13060657478405968,,,
0.1466232487724226,,,
0.14241838282972766,,,
0.16494954255581185,,,
0.14678493765714373,,,
0.14701765309018988,,,
0.1335981796315382,,,
0.14538053736845755,,,
0.14295080127770945,,,
0.12739898259413085,,,
0.1348561830306272,,,
0.10358324750051516,,,
0.2774030625910706,,,
0.30412047305430656,,,
0.19763887202208166,,,
0.1921834391867847,,,
0.19544908066105424,,,
0.19101170887525853,,,
0.1924620916094608,,,
0.18721797976716914,,,
0.12305528647194475,,,
0.08707142029190296,,,
0.20427860109061635,,,
0.44023694383083395,,,
0.5420912831722409,,,
0.5136107583184293,,,
0.5193400716840033,,,
0.5367046527226682,,,
0.5674436712241501,,,
0.5621787501356312,,,
0.4969430311960403,,,
0.5635652507957296,,,
0.5226186982164158,,,
0.38063458153868535,,,
0.1805546962935347,,,
0.33500182617249763,,,
0.823533610997413,,,
0.7572302488720809,,,
0.20621193588688055,,,
0.14658456743321713,,,
0.14248293169921,,,
0.14117667614897922,,,
0.1348122176937978,,,
0.2254808644120363,,,
0.4568873270544626,,,
0.3777117362250277,,,
0.4245490852969565,,,
0.43275996704158537,,,
0.6135078532280436,,,
0.6250099305550383,,,
0.6402313177832055,,,
0.6372081275447701,,,
0.5886415105362723,,,
0.5957409803125402,,,
0.5791971106729656,,,
0.528652846452156,,,
0.498333827518803,,,
0.3100299902454444,,,
0.10026598296042666,,,
0.10058369505803366,,,
0.2767638206633141,,,
0.2708470328914516,,,
0.19046642436792904,,,
0.20189624434412007,,,
0.20792267079636595,,,
0.19512913144442606,,,
0.1972161814358926,,,
0.1883578776733481,,,
0.10325184507325423,,,
0.10150882442434783,,,
0.20570360739007354,,,
0.3987466011481167,,,
0.4960969415621919,,,
0.4853060741192126,,,
0.4916475473066182,,,
0.485733821688326,,,
0.5015993416378377,,,
0.4930964905436399,,,
0.4883151190244792,,,
0.4715462412045381,,,
0.450541704085444,,,
0.3344450158350032,,,
0.2710662738809426,,,
0.117426454867827,,,
0.25041958599604186,,,
0.2594469478348831,,,
0.16847328053054597,,,
0.17943293481145914,,,
0.1726013346070392,,,
0.16049288078558854,,,
0.1751309115631532,,,
0.18187245586314085,,,
0.10306956378754696,,,
0.0806246228869334,,,
0.15335424462984593,,,
0.4961512483286099,,,
0.5412652988966253,,,
0.4990063308043999,,,
0.525528732230276,,,
0.4880645952962453,,,
0.5009202417009107,,,
0.5184735653307069,,,
0.4828146972166252,,,
0.4803833148032908,,,
0.4507000223569939,,,
0.28851199035111064,,,
0.1324590563845227,,,
0.4254797214333963,,,
0.9036045570159832,,,
0.7820179157707671,,,
0.1729976700561915,,,
0.1845413984137072,,,
0.2058354343192441,,,
0.17696754626109667,,,
0.1699095523551306,,,
0.27726605754115896,,,
0.4849243517194282,,,
0.43268904803534797,,,
0.4411556276568804,,,
0.5818828616687726,,,
0.6476234919684236,,,
0.6359626346868206,,,
0.6368073485734729,,,
0.6040898270630537,,,
0.5765608223972793,,,
0.6069481043395721,,,
0.5392016461248312,,,
0.5449428143227242,,,
0.4872353508274725,,,
0.3000224524640327,,,
0.18098055026621695,,,
0.17306446521036012,,,
0.29804965777034154,,,
0.31865156048071697,,,
0.2194292187011997,,,
0.2163003222387312,,,
0.22245220530433096,,,
0.2098541945340937,,,
0.22146062107600084,,,
0.2295724776372339,,,
0.1581281222893791,,,
0.11322986767826125,,,
0.147885724317391,,,
0.16405178823695632,,,
0.16896684904113798,,,
0.18942082475238253,,,
0.1926345582392881,,,
0.2074090628340164,,,
0.20124405734196185,,,
0.1971902099215881,,,
0.19273878410961265,,,
0.1954245906854215,,,
0.1886604914098018,,,
0.2060101397090519,,,
0.18167918015117834,,,
0.15330348118409098,,,
0.29853336770802,,,
0.3102254045859896,,,
0.2289866080836305,,,
0.23990860433829386,,,
0.2285738587359023,,,
0.21315976125673688,,,
0.2229585238243721,,,
0.2415803346194796,,,
0.15053576821088654,,,
0.1416482155877139,,,
0.1297911827169651,,,
0.18230609439075307,,,
0.1729623074917752,,,
0.20034866979111146,,,
0.2034124917126672,,,
0.19677751611476468,,,
0.18744788105018628,,,
0.19001475625320152,,,
0.1994030656631831,,,
0.19712367974706746,,,
0.1952727359894557,,,
0.22903868377001624,,,
0.181892860061732,,,
0.14055943252410774,,,
0.30743929636267264,,,
0.31391461267674003,,,
0.2292493209091337,,,
0.2249261877679367,,,
0.2363478494032507,,,
0.22434604704690164,,,
0.21332063141417645,,,
0.22474408172447946,,,
0.15395065399004748,,,
0.1252947179036079,,,
0.2713662024084682,,,
0.5389105831101588,,,
0.7189233975211637,,,
0.7618268190073012,,,
0.740520250583792,,,
0.735186485025765,,,
0.7199848475760917,,,
0.7363001338456971,,,
0.7046370830837659,,,
0.6374613192644212,,,
0.4939148271878713,,,
0.3635231179511265,,,
0.17430310655073145,,,
0.4700741761322136,,,
0.7805927221010212,,,
0.799575370016032,,,
0.21193940537337846,,,
0.1870741826326352,,,
0.20140168646750126,,,
0.20886562916198506,,,
0.19267721568311116,,,
0.2188436680106962,,,
0.5353290942710238,,,
0.2529353186378556,,,
0.2887167579761547,,,
0.5153021764560077,,,
0.7094332005321986,,,
0.7558108164451238,,,
0.7673545464672715,,,
0.6787036179337038,,,
0.6505809388788064,,,
0.5785192852546808,,,
0.5850167316482588,,,
0.5524502370473567,,,
0.5429856077991708,,,
0.3826510676443093,,,
0.17649282826162072,,,
0.15853215459080786,,,
0.30026832311221385,,,
0.2956721520207326,,,
0.19964090920427768,,,
0.21612753799166293,,,
0.20926840137326866,,,
0.21261963570145687,,,
0.2180231177788161,,,
0.20002539935947491,,,
0.14167001273441748,,,
0.1005487723740046,,,
0.16713551634304835,,,
0.4520283677134786,,,
0.7234503473557115,,,
0.7170501584303985,,,
0.7397878259463346,,,
0.7186784067133765,,,
0.6776211623697215,,,
0.5550676588675727,,,
0.5453494229500482,,,
0.532183253594027,,,
0.4757672246555402,,,
0.30776980572624657,,,
0.2531455098914113,,,
0.15854760355876518,,,
0.30134539910208197,,,
0.2871945819495645,,,
0.22517305124877,,,
0.19253336372553556,,,
0.19832777041664684,,,
0.19341592060364787,,,
0.20489114766342364,,,
0.20052010375550025,,,
0.13590311957099654,,,
0.0930343960907023,,,
0.21455599382756985,,,
0.5339513885437577,,,
0.7555320146161488,,,
0.7700922580391789,,,
0.7462229282326959,,,
0.6236269826154319,,,
0.6656129741393082,,,
0.6556362761361805,,,
0.6241889840378141,,,
0.5960735326122615,,,
0.5387351218877341,,,
0.4250881717268844,,,
0.2835400686060789,,,
0.3719282629114081,,,
0.9910826434765524,,,
0.8855117979607954,,,
0.2510346763238238,,,
0.19985549723303508,,,
0.20084384253810805,,,
0.1967794816665296,,,
0.20275414884765075,,,
0.2766494428002395,,,
0.4828900966528797,,,
0.4682940302879661,,,
0.5143688119824046,,,
0.5057148919026626,,,
0.7085958356458479,,,
0.7212176850245307,,,
0.7598180054223067,,,
0.6939323906384192,,,
0.5639869091048775,,,
0.553268217607501,,,
0.5475395041285456,,,
0.6007824537672888,,,
0.6190301024127063,,,
0.3841616051443655,,,
0.18038932192492485,,,
0.16390131820994425,,,
0.3175185779119394,,,
0.30810636294533644,,,
0.22809791235711785,,,
0.22077923808329025,,,
0.23516115039880606,,,
0.2319882221931713,,,
0.2391009572080667,,,
0.2429341907458853,,,
0.16453503022270333,,,
0.12949679197049724,,,
0.13472608464631094,,,
0.16477361971354745,,,
0.1803407872810978,,,
0.19968285946537545,,,
0.19384232570167947,,,
0.2113415373849468,,,
0.19780796252759455,,,
0.19425408509326614,,,
0.20741484603522187,,,
0.18624422635441865,,,
0.19204381233141987,,,
0.18985291880463206,,,
0.18825911461865094,,,
0.18574814758194516,,,
0.31325046543206403,,,
0.3061514944219028,,,
0.22903402717103205,,,
0.233359876119946,,,
0.2330160555098977,,,
0.21867763303444845,,,
0.22237161893264146,,,
0.2275718557629425,,,
0.16936802529407613,,,
0.1320280282128148,,,
0.1327761615337537,,,
0.13438501406982573,,,
0.17880534017273494,,,
0.1925137673083777,,,
0.18315219378111136,,,
0.18570009372213914,,,
0.19057820481637488,,,
0.1866913540854127,,,
0.19865605720801135,,,
0.2069360660434838,,,
0.1987768121757738,,,
0.18580437289015486,,,
0.17992311363400404,,,
0.1605166270208631,,,
0.31924769913094364,,,
0.3316170905026725,,,
0.24325602042108896,,,
0.23667275710092014,,,
0.2341924761174785,,,
0.2339525913517853,,,
0.2271652661013093,,,
0.2422895293492551,,,
0.16460430631069525,,,
0.12439377730074595,,,
0.22642523473779885,,,
0.5345948976191148,,,
0.663772448045155,,,
0.6591313192395365,,,
0.6647226867201046,,,
0.6184694397557791,,,
0.5961317290532593,,,
0.5894589055794772,,,
0.5948708545390833,,,
0.5694844604205511,,,
0.5876642711874158,,,
0.3194403190235895,,,
0.1651028994210786,,,
0.4026107854137311,,,
0.8151956848144573,,,
0.8411604578364611,,,
0.21805167949080892,,,
0.19524449873971994,,,
0.20660730552172346,,,
0.1860296472559666,,,
0.18113945714590507,,,
0.2785216321558801,,,
0.4397731809638228,,,
0.36017751851698465,,,
0.36100864438521496,,,
0.510792085037377,,,
0.7066902987690042,,,
0.7035916564506772,,,
0.6396482443387428,,,
0.6235441541826319,,,
0.6638008287335051,,,
0.6832594625968844,,,
0.6062651995155734,,,
0.5997736380572798,,,
0.5656585448020643,,,
0.4419258125881673,,,
0.3578863572666333,,,
0.3574238211777616,,,
0.491520101941676,,,
0.468964038572167,,,
0.3960325322657794,,,
0.3812878651825127,,,
0.396910967716948,,,
0.4034172887477685,,,
0.39580386753054203,,,
0.3981498565021155,,,
0.36377887354057226,,,
0.300906334194313,,,
0.3724712673309565,,,
0.5364968433458266,,,
0.6529618952243776,,,
0.6669283858631019,,,
0.6807270501953409,,,
0.6635223021505015,,,
0.684833528332284,,,
0.6459175738379987,,,
0.6654456043778536,,,
0.6060811811412671,,,
0.5889071365914864,,,
0.4885395401496213,,,
0.32072982039343456,,,
0.2065544833420141,,,
0.3405839826698793,,,
0.34150455590783224,,,
0.25988756851887285,,,
0.2650765157554167,,,
0.24791544179353586,,,
0.2602929546064923,,,
0.2472319278538322,,,
0.25019957417241256,,,
0.18010269291486836,,,
0.16295412130653153,,,
0.2488636025394237,,,
0.5568418567279108,,,
0.7708877210784615,,,
0.7638724519823166,,,
0.7848421776854013,,,
0.7492026217139678,,,
0.7003674009378158,,,
0.6891624778467986,,,
0.7608698182566682,,,
0.6574864287928452,,,
0.5748277520899481,,,
0.4655883125928031,,,
0.1944741688437253,,,
0.3996544699103404,,,
0.9895421601570064,,,
0.9085913641896769,,,
0.2723718024771711,,,
0.20659599830850928,,,
0.20818044300520852,,,
0.20888803369706288,,,
0.19676108666301986,,,
0.2846371989850014,,,
0.4998414794144592,,,
0.4469614808804359,,,
0.4851938985332076,,,
0.6136529432698357,,,
0.7625348230727562,,,
0.7046195186760085,,,
0.745256860865307,,,
0.7667963511085891,,,
0.8170229222672307,,,
0.7793854061259182,,,
0.6446667130358668,,,
0.6106620593911578,,,
0.5389830675337288,,,
0.32805525343663694,,,
0.2052906425810206,,,
0.2037950672415434,,,
0.3168691537902606,,,
0.3368637863483386,,,
0.225068116346514,,,
0.2356875627104764,,,
0.21735476014822508,,,
0.23063338561024735,,,
0.2271429484000609,,,
0.21230412412039845,,,
0.17970024412027907,,,
0.1235595033577832,,,
0.147980279348237,,,
0.21442699568156745,,,
0.21887660345581228,,,
0.21302292657615807,,,
0.2265699056841197,,,
0.2289753710392888,,,
0.24167614381739755,,,
0.2137264668456096,,,
0.2169804516167826,,,
0.20964621925204566,,,
0.21913107859678016,,,
0.2256931122882197,,,
0.19579335652601548,,,
0.21000099893863974,,,
0.3321138199433822,,,
0.31471638297029925,,,
0.2444370245570697,,,
0.2392860662505174,,,
0.22453835991291093,,,
0.22649801771466735,,,
0.2475904708531056,,,
0.2401488277981345,,,
0.17640903682659914,,,
0.12524388721507673,,,
0.1393893669692292,,,
0.16994946326640425,,,
0.20217410247300996,,,
0.22430750306919256,,,
0.22764339005674386,,,
0.2296328272199579,,,
0.2281334523520635,,,
0.21828726501129747,,,
0.21624511128781296,,,
0.2339312540005292,,,
0.23220120479960335,,,
0.21485910941996167,,,
0.1940543902438852,,,
0.2039868180044873,,,
0.3517975471242369,,,
0.3291405233904898,,,
0.2473093901436019,,,
0.2362756638641632,,,
0.22740585063192495,,,
0.2366454861316241,,,
0.2303473614449953,,,
0.2233936937427208,,,
0.17406034466335596,,,
0.13097775657762822,,,
0.2231065509367012,,,
0.4524049324593151,,,
0.6798295065001732,,,
0.6717157083871435,,,
0.6869557821201351,,,
0.6516282302025629,,,
0.6863988753235621,,,
0.6687427380629236,,,
0.668485328822563,,,
0.6802410036576005,,,
0.6767487284634854,,,
0.4954300451118017,,,
0.3372982155881519,,,
0.6166850570960416,,,
0.9505590618604108,,,
0.801812706399228,,,
0.1978638948688056,,,
0.1957340725227912,,,
0.1815153617358618,,,
0.1823284106233123,,,
0.1849260560311228,,,
0.2354476917099841,,,
0.5106507791368098,,,
0.4110851407584528,,,
0.479104344578607,,,
0.6224173186263569,,,
0.7138373930745431,,,
0.7470900569514884,,,
0.7167247079640542,,,
0.7217691711715881,,,
0.7450476727855849,,,
0.7172221915409436,,,
0.7112612703961858,,,
0.7051914593957371,,,
0.6574652062212762,,,
0.5052613053049058,,,
0.3962436546102612,,,
0.4157395875849481,,,
0.5214390339110184,,,
0.5301842710911266,,,
0.4406396552004077,,,
0.4552534943050084,,,
0.4535744588464947,,,
0.4371258917421095,,,
0.4513275016512215,,,
0.4510261144815391,,,
0.4057736328924828,,,
0.3646365316125455,,,
0.4406281316228542,,,
0.5704657682116325,,,
0.7509158076386079,,,
0.8135171303625444,,,
0.7923662061072148,,,
0.7794225160468025,,,
0.7511978456646955,,,
0.6693132473680583,,,
0.6692465511325603,,,
0.6341574581978282,,,
0.6318031502494468,,,
0.5119952553321081,,,
0.4359620507075523,,,
0.20131675335965135,,,
0.3076481605784092,,,
0.2874353536814547,,,
0.2048586536870145,,,
0.20109424645477206,,,
0.1913016577124509,,,
0.2049533791066218,,,
0.21160355475136816,,,
0.1961489182920051,,,
0.18628879385464406,,,
0.11192456578861608,,,
0.18154826453385287,,,
0.4429178524744733,,,
0.6801875798606574,,,
0.6614516236797043,,,
0.7173054091974271,,,
0.6760348770211704,,,
0.6470140191929943,,,
0.66442438768749,,,
0.6897195427678162,,,
0.6584299668778564,,,
0.5856558286166011,,,
0.3946542660373265,,,
0.1742117360569546,,,
0.389558929428552,,,
0.7522627558651118,,,
0.8955756431931263,,,
0.25459286926416924,,,
0.20801416717993335,,,
0.1943064830656991,,,
0.20700299041268488,,,
0.21563957373370932,,,
0.27563309705272904,,,
0.5265443287586167,,,
0.4534443871597693,,,
0.4906394708231949,,,
0.6135766577470241,,,
0.7682956949233177,,,
0.8104117786543812,,,
0.8099081750112949,,,
0.7599432917875824,,,
0.7311467677423096,,,
0.7233603240182753,,,
0.7197399825925834,,,
0.7053928035399988,,,
0.6779546619960075,,,
0.5984101251654423,,,
0.4491463767648729,,,
0.4744583914711837,,,
0.5752899602934076,,,
0.5781865837051647,,,
0.4845737547753477,,,
0.4915981851731419,,,
0.4907900106839387,,,
0.4884307011457332,,,
0.4812586896366114,,,
0.484448237924795,,,
0.44307309161336095,,,
0.38792951944487175,,,
0.3967635822672948,,,
0.4418970856688471,,,
0.4434564482740786,,,
0.4595071743713906,,,
0.4716093748525898,,,
0.4463519098422704,,,
0.4400269714609117,,,
0.449619139640169,,,
0.4402193150980725,,,
0.4428725107694516,,,
0.4581243338410288,,,
0.447188482364624,,,
0.4317791544232299,,,
0.4463880160755385,,,
0.553281334662119,,,
0.5541736504270731,,,
0.4954782034829637,,,
0.4828291539809646,,,
0.483733422688617,,,
0.4746743168034686,,,
0.4771530828626918,,,
0.4794637879045074,,,
0.4442529625112872,,,
0.3915662197683938,,,
0.4049768942945948,,,
0.4260613134267937,,,
0.43937251816348777,,,
0.4317263870744039,,,
0.4350963000505361,,,
0.4531979074541179,,,
0.4118436188982844,,,
0.4241573322858861,,,
0.4406328223240559,,,
0.4439464666161266,,,
0.4399309933425162,,,
0.44350765905241696,,,
0.4303827270380367,,,
0.4866130924427643,,,
0.5557640793035925,,,
0.5462322526347609,,,
0.4838802315845228,,,
0.49593017326984207,,,
0.4741117943050632,,,
0.4816142318349255,,,
0.47481866445046,,,
0.4712673041535189,,,
0.4730539571931054,,,
0.4550404874172624,,,
0.4332904136272826,,,
0.5899207001306839,,,
0.9052356575971848,,,
0.948321107693522,,,
0.9326007342799314,,,
0.8360375297332019,,,
0.7511438674260575,,,
0.7486150622095744,,,
0.7130985364587707,,,
0.648616746744771,,,
0.6314790323335928,,,
0.5653267193450593,,,
0.3480301429791002,,,
0.4193078269251536,,,
0.9997296228860462,,,
0.9402968058546226,,,
0.3212606963609637,,,
0.21569561426279996,,,
0.20428091822203956,,,
0.2091346001731531,,,
0.19275160886062448,,,
0.2158544120000432,,,
0.5373696852196086,,,
0.42904059817918494,,,
0.3938987319018614,,,
0.5431973047875034,,,
0.6460046946946165,,,
0.6908026791227266,,,
0.7440039557582003,,,
0.6789632411673949,,,
0.7063755763086075,,,
0.6424501434131797,,,
0.5916631506568231,,,
0.6174368673465978,,,
0.5727222743439593,,,
0.4975233452833421,,,
0.3181210989246659,,,
0.3075093384322689,,,
0.4500343263103129,,,
0.4316466760867304,,,
0.3456757683301324,,,
0.3403010626710388,,,
0.3388134983533861,,,
0.33677579328249063,,,
0.33698365901444305,,,
0.3420121535776546,,,
0.3059388538126102,,,
0.24728368601494302,,,
0.31833063025243824,,,
0.5654504182551259,,,
0.7816456932560216,,,
0.7973993084141031,,,
0.8378006804641993,,,
0.8345606764121802,,,
0.8043519681472846,,,
0.6974368637841888,,,
0.7436926002421056,,,
0.665274892789093,,,
0.6341101226704486,,,
0.5270621955171421,,,
0.3680937190035816,,,
0.2280636107613732,,,
0.3021228536725897,,,
0.3052328706609853,,,
0.21878645456992185,,,
0.19715745314357846,,,
0.2109827903098802,,,
0.20780467909477496,,,
0.203969885410658,,,
0.20156521550805184,,,
0.17699475081013638,,,
0.10761762674425103,,,
0.2335012352852184,,,
0.5397225120557145,,,
0.7068245554640742,,,
0.7632396477677309,,,
0.8135371795796842,,,
0.8245982755245151,,,
0.7415822744187137,,,
0.7193894128761906,,,
0.7127787305297333,,,
0.6879101316439051,,,
0.6613127726921153,,,
0.4878263393083575,,,
0.3481892696794624,,,
0.4658699523127314,,,
0.7710728197909629,,,
0.6605141183153579,,,
0.2049022917276964,,,
0.20002107087400267,,,
0.19505183601575204,,,
0.2079659389417796,,,
0.20486983412432247,,,
0.1968290941437214,,,
0.3211463050723209,,,
0.3014633159023625,,,
0.3688316783775827,,,
0.6158626666778795,,,
0.7387615824559668,,,
0.7512939981923843,,,
0.6939734231761276,,,
0.7611238637817945,,,
0.7651675444963368,,,
0.7167532523863138,,,
0.6769243128617481,,,
0.6516962577891157,,,
0.6499961287423344,,,
0.4590330576554824,,,
0.14226010344172213,,,
0.17087371588855005,,,
0.2900126704844692,,,
0.2979807161487438,,,
0.2102874840279858,,,
0.18803776618505674,,,
0.1934988380038596,,,
0.1933957495354779,,,
0.1929931628546444,,,
0.19244989829697626,,,
0.16871083665161812,,,
0.08555865551584453,,,
0.09101153355009828,,,
0.13571472900852433,,,
0.14640966513957654,,,
0.18590768102249067,,,
0.16694494708115126,,,
0.14924972159892258,,,
0.17045705134531766,,,
0.18295993157625512,,,
0.17008494113007355,,,
0.16139323220573365,,,
0.17200248613277713,,,
0.17194351685386566,,,
0.15200079329812374,,,
0.21182981769802067,,,
0.3099357886388794,,,
0.2867883102209832,,,
0.2075597031926213,,,
0.20942470846951933,,,
0.19551285578858835,,,
0.19720580707056845,,,
0.20724902256005828,,,
0.2071532310737232,,,
0.17944821328883842,,,
0.09806626502637927,,,
0.10390175996761863,,,
0.12773184543871666,,,
0.14684020332193093,,,
0.16740598406730456,,,
0.1822248374573463,,,
0.17745295610170553,,,
0.1747970530876537,,,
0.15811347110241505,,,
0.1446850476349253,,,
0.14772822780852834,,,
0.1823282641086412,,,
0.1677314558456633,,,
0.15413934746803948,,,
0.18437980471880788,,,
0.31893782511948565,,,
0.3027084887236571,,,
0.2390332647160496,,,
0.2052312939839145,,,
0.18345160214021886,,,
0.2072975290000296,,,
0.2077382259632259,,,
0.1937295233805072,,,
0.17691749589249062,,,
0.100617409601782,,,
0.15504973777990028,,,
0.5026144777454338,,,
0.8909489247435096,,,
0.94701150085322,,,
0.9467416612951038,,,
0.9492454043651372,,,
0.9159823386479458,,,
0.8384340609472201,,,
0.819123214282981,,,
0.7766523568122348,,,
0.7497812384422229,,,
0.4871308416554503,,,
0.2940746496424649,,,
0.4787104955120225,,,
0.783844798021522,,,
0.7077381525595491,,,
0.22063562522250324,,,
0.21386019362375294,,,
0.20577573319205245,,,
0.1980401408675192,,,
0.2029502406911896,,,
0.2683295847560392,,,
0.5492903823730009,,,
0.44454642058528426,,,
0.3789917284652349,,,
0.4705791501406562,,,
0.7702998273318342,,,
0.7930579234817601,,,
0.7569400845162471,,,
0.6826007518003228,,,
0.6875239446966406,,,
0.6242672525350703,,,
0.6285045822864936,,,
0.606125540702807,,,
0.6354935632059426,,,
0.3874181268722401,,,
0.2022808802565148,,,
0.2520673643605189,,,
0.3358690938947926,,,
0.3278517544176327,,,
0.2254317419590328,,,
0.24298797154944385,,,
0.22973230130171895,,,
0.2306418339616494,,,
0.2285629179273916,,,
0.22097867582213213,,,
0.20275406042843835,,,
0.12769483908747414,,,
0.25840842340392145,,,
0.5246753693404442,,,
0.8508237118930491,,,
0.8411317283426989,,,
0.8518703971551059,,,
0.8313280730337658,,,
0.7577155292052864,,,
0.7435980733391919,,,
0.6996878777673747,,,
0.6983065321704509,,,
0.6981532421200387,,,
0.5690629513543461,,,
0.3370294929216339,,,
0.28982243262632723,,,
0.3811249181108862,,,
0.3663187976308127,,,
0.27735142376846644,,,
0.2713730412689612,,,
0.2256500024551777,,,
0.2104432197363515,,,
0.2122168114361873,,,
0.23893299979104696,,,
0.2370241432253377,,,
0.1628947948133579,,,
0.2764619920205491,,,
0.5547292562093045,,,
0.7650306766316688,,,
0.7381734619938869,,,
0.7515941343280272,,,
0.7533667747279398,,,
0.7433761310839295,,,
0.7558549761651618,,,
0.7207011202245788,,,
0.6326531060387524,,,
0.6038201555668081,,,
0.4733862263035515,,,
0.34070362127396425,,,
0.2780984056605047,,,
0.7252411488469122,,,
0.8405065173823081,,,
0.39375527786474107,,,
0.20593218947809302,,,
0.21090426428668874,,,
0.20859141641516032,,,
0.21616372394358094,,,
0.24635948028664775,,,
0.562354860749402,,,
0.4611326861843632,,,
0.5100417636185695,,,
0.6782935885990167,,,
0.8976309030762786,,,
0.9035256041887698,,,
0.8439772078664376,,,
0.829520876015601,,,
0.8191239990396029,,,
0.7564466809611501,,,
0.7567551006865361,,,
0.7669921087332727,,,
0.7086281195974684,,,
0.48459988583393393,,,
0.21480467697475006,,,
0.2551730020285259,,,
0.3598989678498081,,,
0.34365375412358645,,,
0.2879210395817364,,,
0.2782894954338788,,,
0.2523444126054528,,,
0.2405191884165978,,,
0.2508087194358515,,,
0.2430520312296949,,,
0.2329607767240653,,,
0.16128773976244748,,,
0.15634148154730765,,,
0.18215318053549326,,,
0.22191297027711032,,,
0.22146849700254734,,,
0.2133976241776474,,,
0.24540657057131554,,,
0.2215989145506976,,,
0.21841505853754706,,,
0.21375958719400234,,,
0.20965886582124416,,,
0.2308330832673997,,,
0.21572967851285485,,,
0.2104150666088609,,,
0.25543222717757663,,,
0.3483154542750815,,,
0.3360380345465699,,,
0.25618891482874595,,,
0.23771137200643636,,,
0.24226157774988846,,,
0.24237960876414635,,,
0.24693887373768364,,,
0.2405226073064064,,,
0.22931549335498855,,,
0.14925330826046146,,,
0.1438892258615141,,,
0.1892863172723791,,,
0.2158671250358064,,,
0.20219875170127066,,,
0.21712762544759198,,,
0.2237663901193048,,,
0.2271736486129301,,,
0.2396167935219045,,,
0.22426613785548802,,,
0.21504301591399064,,,
0.21645032674039435,,,
0.21224906299238944,,,
0.2254937846253342,,,
0.2781437683183952,,,
0.3328357817478365,,,
0.3406754647670209,,,
0.2552650862013479,,,
0.24125230098848505,,,
0.2489149038085956,,,
0.2484066159532943,,,
0.2310323281939213,,,
0.2447244069433383,,,
0.2322887190251515,,,
0.14624298011710302,,,
0.3709628557967162,,,
0.5587418110275997,,,
0.7322824147910351,,,
0.7617240785889052,,,
0.7708920827456947,,,
0.7537120250046616,,,
0.8006451174243523,,,
0.7733031768626875,,,
0.7477803948622337,,,
0.6825960137956839,,,
0.7896028259769707,,,
0.5151647194153357,,,
0.30512512585382456,,,
0.7446638388450468,,,
0.933113241613642,,,
0.6765840199503632,,,
0.2405372802493022,,,
0.22476201104247864,,,
0.2217632377157952,,,
0.24324285056873274,,,
0.23981384320354995,,,
0.20465489197355915,,,
0.5254924705788939,,,
0.4245086086217413,,,
0.3395652669816433,,,
0.5116605196457695,,,
0.7083372920040619,,,
0.7533055870346783,,,
0.7787976900713276,,,
0.7424325069999741,,,
0.7442408187563978,,,
0.7046996511205927,,,
0.7059013687318907,,,
0.7036468753801546,,,
0.6621525019165206,,,
0.3069084535913653,,,
0.14521078379658148,,,
0.2783721053864077,,,
0.31826557771929265,,,
0.3040229921683495,,,
0.2355312497069089,,,
0.2315948757777377,,,
0.2121434185838109,,,
0.2386585603715825,,,
0.22081245831802046,,,
0.21454886762757,,,
0.21682349930162648,,,
0.11087724686177447,,,
0.2599562133392026,,,
0.563085281676277,,,
0.7075949886945456,,,
0.7252805226103782,,,
0.7408452728121824,,,
0.7156788555054661,,,
0.7089340777058961,,,
0.658432963610426,,,
0.6397349433640063,,,
0.6624703103636564,,,
0.6407599120796288,,,
0.4904554934787146,,,
0.317784286745856,,,
0.2623017851651701,,,
0.3128610631828965,,,
0.29476656695572645,,,
0.20623629937941645,,,
0.21256633567687366,,,
0.19901455611330251,,,
0.21444060117190175,,,
0.21239079401248476,,,
0.1979417463640427,,,
0.2085796430389646,,,
0.09831798244834243,,,
0.1547874981671753,,,
0.5118374189350692,,,
0.6726612372359169,,,
0.7387562641383587,,,
0.6861634890214899,,,
0.6814883306144206,,,
0.6685207534054327,,,
0.6644494053984515,,,
0.6810949424744508,,,
0.6500287208207207,,,
0.6139717612803337,,,
0.3434164328833855,,,
0.21660785972688146,,,
0.6891588651222715,,,
0.7712717006082386,,,
0.3284633259152425,,,
0.23182522025680094,,,
0.2454286735140969,,,
0.23271272740096105,,,
0.2410755908094133,,,
0.21669150863889094,,,
0.2375576977499185,,,
0.5888051013215057,,,
0.4531760101259956,,,
0.3596691743894085,,,
0.5462365251481796,,,
0.8087325324766668,,,
0.8425513310408119,,,
0.8497953760272079,,,
0.7746028686958701,,,
0.7236563316030766,,,
0.6626933991324201,,,
0.6573223610366759,,,
0.6405982876880292,,,
0.5208083954300986,,,
0.2378545999443711,,,
0.2272757412893842,,,
0.2739853101414869,,,
0.3429701415670943,,,
0.35872312294296194,,,
0.2672212844205029,,,
0.2720853370219083,,,
0.26049438446364315,,,
0.2475840916586129,,,
0.2350972297143961,,,
0.2422593180662709,,,
0.25380236411030044,,,
0.16298339078896395,,,
0.1603091311267768,,,
0.20434513348980765,,,
0.2038755640109886,,,
0.2323494450694037,,,
0.2432839914756175,,,
0.2613459983605351,,,
0.2793071333561987,,,
0.2605150947187909,,,
0.2481945436748454,,,
0.25347040192910786,,,
0.25201288371867125,,,
0.2518679425046013,,,
0.2278415934239004,,,
0.309242030532213,,,
0.3468522408361325,,,
0.3364278018599052,,,
0.26461383449947595,,,
0.25489749526308225,,,
0.2535828335618926,,,
0.2518774568735513,,,
0.26523501466366595,,,
0.2620841374720504,,,
0.251468100855603,,,
0.14752673715014494,,,
0.13692583279588044,,,
0.17943910430318422,,,
0.21254432463365447,,,
0.2992186490069981,,,
0.2577539460721629,,,
0.2542553940420165,,,
0.2605481108651477,,,
0.2564853295312917,,,
0.2520438053734355,,,
0.2806323669135824,,,
0.28182310976240643,,,
0.2832411720943777,,,
0.2472531037536521,,,
0.3183843369386525,,,
0.3334292139506707,,,
0.3473436879668665,,,
0.2905750532026805,,,
0.2800788430117249,,,
0.2730241900125412,,,
0.2613855740291924,,,
0.26510483948229924,,,
0.2617026337811459,,,
0.2534353122606645,,,
0.16745609210037582,,,
0.2176648622716595,,,
0.2603173532350227,,,
0.28787295441507243,,,
0.2972943451967498,,,
0.23915176870962496,,,
0.25022087418666583,,,
0.2701023929541746,,,
0.24329764921670804,,,
0.2512878617927301,,,
0.2600316154019717,,,
0.2403379305507243,,,
0.2252838827295553,,,
0.3983106558793601,,,
0.6595419405222236,,,
0.3818935846782572,,,
0.3207795926385315,,,
0.19712901962627694,,,
0.18668977556819444,,,
0.2024304438068416,,,
0.2391892541190677,,,
0.19213249417183145,,,
0.21178710629280628,,,
0.2798149227191251,,,
0.2711110364920515,,,
0.2164389212199316,,,
0.2038206271780112,,,
0.17176420201556694,,,
0.18157023781360326,,,
0.20151363350410945,,,
0.1971831858324231,,,
0.17151815033292328,,,
0.13706287501871686,,,
0.16560903982674846,,,
0.16896030354394265,,,
0.15835882281978764,,,
0.16353867933276156,,,
0.140956047714468,,,
0.2744591692307963,,,
0.2700577807166131,,,
0.28530417137113595,,,
0.1967851849380411,,,
0.19825595707742136,,,
0.1984943106502448,,,
0.2040714699637327,,,
0.1887464481901477,,,
0.21410259327602346,,,
0.1873435107305768,,,
0.09888614250511284,,,
0.12175067217701717,,,
0.15287565991483953,,,
0.1423383520557704,,,
0.15887126484132086,,,
0.1873902906228424,,,
0.21868975737711915,,,
0.19469515100848198,,,
0.2027004165036601,,,
0.2113368429008569,,,
0.21789879679018045,,,
0.21707869620784992,,,
0.20757055856408213,,,
0.1457926721019751,,,
0.2540732399912153,,,
0.2827964534054335,,,
0.28163126062312793,,,
0.19872734298249828,,,
0.19267554412372467,,,
0.1997777143635817,,,
0.19629308675725895,,,
0.1947867695639376,,,
0.206404078767771,,,
0.228560221700818,,,
0.10166322520507087,,,
0.15846352865670088,,,
0.1702208684075046,,,
0.21102127613405572,,,
0.2351118212551841,,,
0.23663983641362216,,,
0.237238968893168,,,
0.24072445807584675,,,
0.2337011897302128,,,
0.19804267794856226,,,
0.2234366044992777,,,
0.2339581928007881,,,
0.220100531098693,,,
0.1429450760858395,,,
0.2585581194235389,,,
0.2870311583491039,,,
0.2875962419759466,,,
0.2008224409129702,,,
0.1997103768827686,,,
0.2011652387080174,,,
0.197123590721112,,,
0.19193854059049187,,,
0.20227144972903546,,,
0.1885552706215492,,,
0.12380377938886646,,,
0.3214460911922408,,,
0.2727854803317187,,,
0.2398667944171051,,,
0.2401192700111903,,,
0.23411596539896265,,,
0.2293423541314441,,,
0.2354806620744969,,,
0.2275149195570845,,,
0.227875090287438,,,
0.24270135761985226,,,
0.21584737011781646,,,
0.1990408880835859,,,
0.1841053193411284,,,
0.2914933350848403,,,
0.3172025240828402,,,
0.3417558535628267,,,
0.23805291250374386,,,
0.2368302902340749,,,
0.23198552378135864,,,
0.23181446460711894,,,
0.2151991732338554,,,
0.23432321012192855,,,
0.2357996375353788,,,
0.13592798765912484,,,
0.12540072571927974,,,
0.16603432382047245,,,
0.20181431730031685,,,
0.2129436134131102,,,
0.22898553015756784,,,
0.2614385822659102,,,
0.253844906328343,,,
0.23648279418203755,,,
0.2495268557287096,,,
0.2405940632542083,,,
0.2410191984730745,,,
0.23386639130327105,,,
0.2333722683903341,,,
0.32161434301614244,,,
0.3426291030052333,,,
0.3486469992926877,,,
0.25076178383550074,,,
0.2608586600381049,,,
0.2555251913318037,,,
0.2608319437756719,,,
0.2590068721282974,,,
0.2617158587617636,,,
0.27669385930038537,,,
0.1574183869548227,,,
0.14308270842236048,,,
0.18590717308688465,,,
0.21392837538592468,,,
0.2373027228976721,,,
0.2337574587400089,,,
0.2484803947953069,,,
0.24231458274070186,,,
0.2448989572557063,,,
0.2513330410958461,,,
0.2759798051732347,,,
0.2563067162884289,,,
0.24965749564827444,,,
0.23273462970356684,,,
0.3603234760415841,,,
0.3612107652501133,,,
0.350461937142879,,,
0.2745716228195034,,,
0.2959260198872613,,,
0.2670497159119245,,,
0.2541619511075246,,,
0.26468767661926185,,,
0.2685805540746875,,,
0.27967659028592484,,,
0.1840464924863454,,,
0.2420668890903848,,,
0.6155322315485141,,,
0.7934344623002341,,,
0.8034187342720558,,,
0.7960600556407624,,,
0.8274023014423117,,,
0.8120286451434513,,,
0.7718932854897647,,,
0.7452823432600328,,,
0.7198911397812418,,,
0.6917235293994001,,,
0.5405585159919775,,,
0.4771769959322074,,,
0.9088354168598856,,,
0.8850361715838497,,,
0.32170836169989103,,,
0.2287163275489457,,,
0.2041108693604512,,,
0.2408218122519479,,,
0.2270483213383696,,,
0.2061872685976751,,,
0.21810043515447086,,,
0.3396784431276689,,,
0.2234176751632866,,,
0.23719463655403986,,,
0.4976655612627674,,,
0.6978914651411827,,,
0.7292366066276044,,,
0.6965770241625395,,,
0.6954636145071653,,,
0.6435337226850422,,,
0.634780198009703,,,
0.6528468189563874,,,
0.5917985273358863,,,
0.5906543287091135,,,
0.35097731149738603,,,
0.26105503473350033,,,
0.3611697022156828,,,
0.3877487194201361,,,
0.37093321027531934,,,
0.2916300623419015,,,
0.28687839146289296,,,
0.2794650837945678,,,
0.2739208623561331,,,
0.3003658948987393,,,
0.2767956934319193,,,
0.2722310594486297,,,
0.21043884022280235,,,
0.31960718780134245,,,
0.5828936136750062,,,
0.7772134354530498,,,
0.7543677214287268,,,
0.7955462863742482,,,
0.778581328302772,,,
0.7619752481997151,,,
0.7211635971789443,,,
0.7833607551306403,,,
0.7254815571321864,,,
0.7215385415723365,,,
0.5575996754067676,,,
0.323321787507902,,,
0.3309802957454675,,,
0.3166557523678475,,,
0.3088592681327329,,,
0.226973101374242,,,
0.22506918830693132,,,
0.20271600882949012,,,
0.213859284319502,,,
0.230670485720613,,,
0.21274035252946088,,,
0.2086314552718398,,,
0.13462855249491712,,,
0.19411200018477184,,,
0.495117816181645,,,
0.6376329559316769,,,
0.7333593035384621,,,
0.6653388968814764,,,
0.6920147386451432,,,
0.6963545711500427,,,
0.6850352328973268,,,
0.6648357864031538,,,
0.6134786170254443,,,
0.580687429812945,,,
0.3775573971011719,,,
0.2955287903927553,,,
0.9073585736149532,,,
0.9574186824576528,,,
0.4230081307780984,,,
0.2249973699524399,,,
0.2265636752462061,,,
0.21017552604479395,,,
0.2086480225657259,,,
0.2224398082429824,,,
0.22022606663087266,,,
0.3316947085142399,,,
0.2932808006957002,,,
0.3167984079879802,,,
0.5344471181951072,,,
0.6624817744276079,,,
0.6634617450477123,,,
0.6738865131809222,,,
0.6564695984733877,,,
0.6383570067802582,,,
0.6348586002204719,,,
0.6558427178851334,,,
0.6399255729525404,,,
0.6148766339774503,,,
0.4889040711399919,,,
0.3494336728303358,,,
0.4646601160411206,,,
0.4775207340071654,,,
0.4450393450552008,,,
0.3878700849784376,,,
0.3913965970756483,,,
0.3607940076040821,,,
0.3632100074453297,,,
0.3760875555664183,,,
0.3712439148702149,,,
0.36531781584092826,,,
0.3043564066724973,,,
0.27465084517715965,,,
0.3085329677755295,,,
0.3109742487059579,,,
0.3337286405320992,,,
0.3325420145420668,,,
0.3331900603073485,,,
0.3426590259109963,,,
0.3249562112010702,,,
0.3201446241671757,,,
0.32407045920164323,,,
0.32924424573479616,,,
0.3235645074632409,,,
0.4456022332148479,,,
0.4250270811675101,,,
0.4133824907850716,,,
0.4139714730970661,,,
0.3537133825071823,,,
0.3488642251392364,,,
0.3494969722846273,,,
0.35475948271555024,,,
0.34840686383696395,,,
0.35232454346615816,,,
0.36214550047441296,,,
0.2996723415061062,,,
0.2479911313717369,,,
0.2833579353856681,,,
0.2732475352605879,,,
0.27948490382231084,,,
0.2689100224930643,,,
0.2671314133695053,,,
0.25226387897442315,,,
0.2463764305054301,,,
0.26998662935141215,,,
0.273117634360502,,,
0.26025767211684503,,,
0.2749539223503481,,,
0.30462502573977845,,,
0.4202193349138579,,,
0.4334629695968855,,,
0.4466202657676584,,,
0.33923593075295644,,,
0.3470114058457434,,,
0.3469970258234269,,,
0.3377041747902787,,,
0.3420931421780482,,,
0.3434392325049953,,,
0.3418222354640075,,,
0.2836224141909627,,,
0.33330693188381844,,,
0.4637453145124106,,,
0.5392391303869086,,,
0.587057169075829,,,
0.6071306187491811,,,
0.5838046665249341,,,
0.5504203092333548,,,
0.5677100482008411,,,
0.5666706232329912,,,
0.5340350132327449,,,
0.5420611106345308,,,
0.38450726193814205,,,
0.24939701528566796,,,
0.7103204129357064,,,
0.8651283015076587,,,
0.35800090787322514,,,
0.188488213389304,,,
0.18997329044256084,,,
0.18316562343347664,,,
0.1751368370883437,,,
0.19358888341445726,,,
0.2161963668707827,,,
0.5443790862500242,,,
0.45228658334685706,,,
0.3811722774494584,,,
0.4193512317242458,,,
0.5651159138789112,,,
0.5905373639822011,,,
0.6239279022522464,,,
0.6002573127842195,,,
0.5650129723191002,,,
0.6025429087755425,,,
0.6397488499660562,,,
0.587442851814358,,,
0.5604789747293135,,,
0.4328092709007252,,,
0.1662134489162237,,,
0.3020710239277373,,,
0.3037546049529558,,,
0.295376783908174,,,
0.2096854095893499,,,
0.20874085261170272,,,
0.21334952896616555,,,
0.20443368142133567,,,
0.20417454885789035,,,
0.20912415408284304,,,
0.20507245940293206,,,
0.14673836070179205,,,
0.27799403399758704,,,
0.4626671317520787,,,
0.6196658713615473,,,
0.6566696196714412,,,
0.6706387778354328,,,
0.6355277878672538,,,
0.6276223314317693,,,
0.6335271181222484,,,
0.6224942487253164,,,
0.5991676382410795,,,
0.5636818837407969,,,
0.404200226535584,,,
0.34630434648921504,,,
0.3333168117897665,,,
0.3167536656249341,,,
0.2839370970996153,,,
0.20847150871784592,,,
0.2116364681193992,,,
0.1932823813986091,,,
0.20768000329145053,,,
0.2233139367988,,,
0.20219472202515432,,,
0.2009653284892634,,,
0.13948043624612394,,,
0.19074156622306315,,,
0.4738246671398212,,,
0.5788692014902783,,,
0.618057054278689,,,
0.6098759402878895,,,
0.6023726323686973,,,
0.6111317731530965,,,
0.6177824184415535,,,
0.6843598804684277,,,
0.6868380121214726,,,
0.5815084287454293,,,
0.3456392880241763,,,
0.20101928715757025,,,
0.6050707623293771,,,
0.8602705365866297,,,
0.571766030345223,,,
0.2230356905175261,,,
0.2271345324592402,,,
0.21154637818196154,,,
0.2378536877835078,,,
0.210925240804714,,,
0.20565121097358974,,,
0.5640253732719716,,,
0.3859227555802352,,,
0.2804774084033532,,,
0.4923789233515392,,,
0.6617582842478091,,,
0.6557622726046097,,,
0.7071190728509982,,,
0.7188458969766192,,,
0.6860245457110858,,,
0.6705480942626303,,,
0.6945208350581207,,,
0.7181210939374005,,,
0.6624003130218714,,,
0.4749733274224939,,,
0.2315552937519709,,,
0.32354039685346825,,,
0.2954544297490473,,,
0.2814053175025988,0.3070932924747467,0.2787996363759568,0.31426454532421777
0.21559424937546945,0.21629036962985992,0.18799671353107,0.22346162247933096
0.211027788892606,0.21105559170246124,0.18276193560367132,0.21822684455193228
0.19731839745168106,0.21315130591392517,0.18485764981513525,0.2203225587633962
